,PROPERTY_ID,PROPERTY_AREA_HECTARES,IS_CALIB
0,0886327340b1,8.077203943,1
1,44fdb1ed087f,1.246961627,1
2,d34272bcc35b,4.140323188,1
3,50a79d36411d,67.214898094,0
4,09b8329bd8e8,2.747730392,1
5,8fd133954063,8.020350441,1
6,979ee4d48a6d,15.776847279,1
7,8742da127856,0.4633458758,0
8,2222a11936d8,6.450949175,0
9,8762cf8a60b6,9.52561857,0
10,e83de2a50225,7.770027438,1
11,d8ec3903c81c,3.398050431,1
12,12b56c38d67a,6.416805632,1
13,d37dcec4a235,3.071931185,1
14,361619b32f78,12.705130837,0
15,7c508dc5b5da,7.493519305,1
16,25bff5d48a74,6.064148262,0
17,28635c660db4,5.191074909,1
18,ca953234a8b1,5.974284746,1
19,900ec63917ba,166.229730993,0
20,c2de8de25d44,3.164674771,1
21,73e2cab971d7,30.017045246,1
22,d206553aab2d,3.475365677,0
23,cb4802988b93,1.946171363,1
24,0ae1f16981b6,56.533506932,0
25,9cdfc7ef3e24,12.017629042,0
26,b1327221500a,2.193332663,0
27,a03ed5010bde,0.1216031044,0
28,779ed2265b01,3.949528024,1
29,3d34f102d170,64.419018463,0
30,9c37e7118d74,268.404969498,0
31,3783473fcce8,3.915305063,1
32,483aab8b1f38,9.400666164,1
33,30eec89ddd9c,12.592386752,1
34,6dbbf5bcfded,20.210697959,0
35,dd94c511abc3,5.538429016,1
36,805cc8c9d55d,5.398148252,0
37,e64efe746702,2.723603912,0
38,91827d504e2e,21.47320625,1
39,8ff40b10c09b,17.91165141,0
40,69d0b2d86e04,1.93329749,1
41,fc8601977fe3,12.036123327,0
42,38a033d379f4,60.671648751,0
43,f8764d062171,4.124741698,1
44,5a5901282f01,2.211273519,1
45,1fda00bb3e47,10.083068104,1
46,b1d705bf58a2,2.832433931,1
47,6b3bbb7b0e01,9.211966518,0
48,b531a2e37caf,2.723601479,1
49,d182b2e2a818,10.116729733,1
50,43e7e33be112,1.017767475,0
51,2ec1d8373835,155.280502421,0
52,8f998ce5e5d1,4.513045268,1
53,bdc1b757e4d4,6.3921964,0
54,a6be835812fa,7.596552305,0
55,6a0fd04b7779,15.293129274,1
56,a7091d75bf49,17.762839048,1
57,57f964dd22f3,21.568777428,0
58,b789f4e82d98,6.904083149,1
59,ac4f99de8c6a,4.609049164,1
60,020d5ea1a53e,5.32825762,1
61,b4452667d2e1,2.045388125,1
62,a40030d2c9a8,5.48653418,1
63,b15fa9ba90e4,8.488299975,0
64,c27423d664db,9.702781172,0
65,648da2ec8785,6.855343951,0
66,ffdc094ea6d4,18.195908064,1
67,15a968e2eaac,3.799529216,1
68,506479eeca61,7.497610569,1
69,2abc731467e6,5.218558112,0
70,31552e25b8d7,6.649897259,1
71,e223ac2dd0d0,11.107227225,0
72,21fce73fa98c,8.272918855,0
73,25cbc209afbb,83.303030269,0
74,e8ae29c5ca5a,4.109453882,0
75,8761a63e7923,14.914079569,0
76,566b16170e5a,2.963210118,1
77,faf5b8507591,23.927254061,0
78,ed4c3bf66563,28.221062884,0
79,55df81d41e5f,12.138693201,1
80,2869acd96e48,0.7176534813,1
81,c623e097064c,6.355023456,1
82,d943da81dc4e,18.95354209,1
83,71b6b920a7c6,4.965605356,0
84,17ce978a1602,7.797062477,1
85,af0f1ad0d382,6.48398763,1
86,4f8d8ac47c94,4.405284393,1
87,68c053ddda73,4.798336531,0
88,af824cc03633,5.762607663,0
89,7b2e5942e205,3.191550099,1
90,c0750ab24be1,0.008878716523,1
91,d15eff82084c,3.292996031,1
92,4fe7e6f1705d,16.210032309,1
93,5e0478e357bf,4.165395202,1
94,533fa1a05507,13.251422888,0
95,83c9d6833ffb,59.476776908,0
96,a18c2a057d80,5.105359058,0
97,d492b3655ccb,5.173055758,1
98,a1566aee6d42,2.747009708,0
99,467d2d6c5b57,4.879776541,1
100,fbeed029964b,123.680292882,0
101,56ea715ae450,36.377250293,0
102,55f247e9a0dd,1.516380213,1
103,d1a66c200351,16.174671951,1
104,279639f1d002,10.57156896,1
105,327ae4d79f59,2.869133341,1
106,215b82b09488,34.366867977,0
107,be20b70aab71,4.774561819,1
108,cc30b5886e1f,5.362171947,1
109,354b9cf7ef02,12.435498413,0
110,2b35418bf738,30.267620784,0
111,930485bbfab0,6.394778045,1
112,bbca917ab216,12.978928314,0
113,4a340903a906,7.748182289,1
114,bf950d859cf1,3.72542787,1
115,073a8f81f495,6.523478423,1
116,dfa6b6237f6a,3.942755676,0
117,5fb5004f1cca,39.845944866,1
118,7a0d0e130e9c,6.305349834,1
119,48f84ea6043f,6.129802768,1
120,d6d8fb976838,46.998665241,1
121,3b8321fe7f0e,17.501247243,0
122,68e4188549d4,37.938945266,1
123,ca0ac34440ba,8.295439778,1
124,4e112fd40171,4.089121753,1
125,b1ac350b6a4e,2.938644066,1
126,41fd8bb687b8,5.554604713,1
127,07cb12bafb24,1.366061353,0
128,73a684568d3d,3.696128234,1
129,ec289e50fea2,3.714813308,1
130,5c0615567c82,6.977362658,1
131,914c948388ae,3.251524778,1
132,58839af42ed3,26.111237618,1
133,7529596f2fed,4.245903096,1
134,c738b7bf8998,20.911173717,0
135,00238fee2b4c,4.119021003,1
136,64c50151e532,6.588528896,1
137,6b25fee98c05,12.671115978,1
138,143b90419b4e,5.552837028,1
139,6fd6748dc299,2.197170175,1
140,1897cb40eea8,0.9400717231,0
141,0a46fa622c55,5.872903346,1
142,5ef28cdc5b39,4.91927798,1
143,98c7410361f3,1.000425867,1
144,f73f5f09fd62,43.160315667,1
145,5face91e081a,2.57837258,0
146,3d549a4b4b69,8.203202899,1
147,fdb5d0d7ade5,6.057768872,1
148,693d41b8407e,38.140135476,0
149,e1f3a8d876b4,7.165161717,1
150,55bec6d011c4,4.028661097,1
151,a3693c397d81,12.056255196,1
152,2dfe1893e251,10.110020964,0
153,d8912eba4a0d,7.453538482,0
154,bb33f6b371bd,4.036846382,1
155,3e6ea6702421,9.082305407,1
156,2f4627f93dcb,2.571804556,1
157,c3aab9310a31,5.358211873,0
158,0193d52e5b14,1.222337511,1
159,6114169e6436,11.133808458,1
160,b6afb7afe424,6.903729822,1
161,62df359b8982,7.429994027,1
162,c8aa21ac9738,5.189802079,0
163,9051895a727d,12.243266997,0
164,dabbaa6c83f7,261.950839358,0
165,73a0aefd34b3,10.464270693,1
166,9820b6566612,8.629413317,1
167,5386be01384d,1.363708653,0
168,dc22707f7ecc,277.585920843,0
169,1d1e4a41d078,3.238436483,1
170,226674fce2b9,38.874838435,0
171,dd74ff4c3cf8,3.369193688,0
172,688d8763a23f,33.529472225,1
173,065a576c230e,4.979689688,1
174,426ce8652170,1.337015436,1
175,1a455b216c6e,5.994541125,0
176,6102effdcc3d,189.257577478,0
177,bf4996d25d54,1.82620263,1
178,d66518132f75,18.855302324,1
179,281d362c97c7,38.515792955,1
180,37b7d328d51f,1.859358022,1
181,7b8aa067f7dc,0.1237617742,0
182,b6d36910eb98,2.936745266,1
183,2a00d0014618,10.397099174,1
184,e801fdfd3b13,9.820527386,1
185,ae89ce58d543,46.94762608,1
186,a3dcd9073186,4.832359692,0
187,31ee25afac11,5.38214551,1
188,a961e53681e4,0.08093531078,1
189,ae244c085aee,12.451399735,0
190,9b78f35e0196,3.855461904,1
191,b659b0bc6172,25.448562517,0
192,3c26647d844c,10.075756973,0
193,30857fa417ed,4.91908351,1
194,965049afd79e,9.223428395,1
195,1a3c9e9512ea,39.186740427,0
196,cacbfe2218b2,1.186856672,1
197,b71e3f939838,24.145793363,1
198,b21b2845209a,165.196432139,0
199,76e82dec6df1,8.078335378,1
200,75b138d77ad6,0.9001109856,1
201,f957fc56adc1,3.637886738,1
202,5ff36bab1247,9.5496673,0
203,dcef788d05b6,498.63902062,0
204,dc19bf694568,4.596529154,0
205,4a13efbf5700,12.298587398,1
206,54197e1d4b14,662.044333645,0
207,265b0b21beda,4.028014858,1
208,e74d3069d3a0,41.195718984,0
209,fe44376f5c09,5.221357161,0
210,d00188e64317,10.135838774,0
211,2ac3d0641e37,2.606985069,1
212,86f83ee71cc1,8.220136575,1
213,99c67fd78a8e,15.079839516,0
214,4a36d56718a6,0.8566125471,0
215,864a936a3532,1.138637038,1
216,dc964f3dc7ea,1.608127492,1
217,01ee1fa3f6f6,5.276379252,0
218,e209f7b7bfe0,5.224099792,1
219,13937439cc1d,3.290742466,1
220,e4601657db43,10.01233141,0
221,65cb10cc4e49,1.906842655,0
222,c71b6b1b32c8,3.952164526,1
223,b09ae6bc51d9,3.911933591,1
224,124640bf2792,14.038027143,1
225,a5cae784b5f3,7.568102755,0
226,efd9d1e41645,3.24512057,1
227,e19a9ae5dcac,11.687696093,1
228,1efad6a22e1d,6.941668823,0
229,3c034be74144,126.833800718,0
230,74dd6f6d8534,11.111467247,0
231,ba2d97232907,13.352047978,0
232,60fce3eaa53d,0.8679306657,1
233,8bd5442cef6c,4.347723095,0
234,1298c65fdd33,2.29377044,1
235,3b8a97e5d597,8.735817523,1
236,d079b341029f,4.355024749,0
237,d88439bd85ec,4.168654522,1
238,cf830153793c,5.328803376,1
239,5dc5bcd84be3,9.652678935,1
240,5d2f937c3012,8.542290561,0
241,40341bd95b0a,1.800603616,1
242,5df554dd8bf1,263.837254908,0
243,c4ed3cb24e2a,14.598625688,1
244,6c468eee734c,6.783354446,0
245,d109237f6e57,35.650950169,0
246,47b705271452,5.812994014,0
247,5f9e3d4a0fa6,6.05151979,1
248,318ab1cb8ecc,2.888906621,1
249,f0ddfd5e9180,12.581269289,0
250,d2bb22a0bcf2,7.165830305,1
251,a3279dd5f1aa,5.263133726,1
252,0fb229f415da,3.312311771,1
253,6e39997df32e,5.17795514,1
254,b21592da48b2,8.843522305,1
255,6c1ec2ad4dff,3.43449329,1
256,0d6f9709edae,2.475896744,1
257,c56f47c52908,6.90885779,0
258,cfa3ef71be13,31.443041816,0
259,ee79cb988b51,3.457690284,1
260,a40c943151f1,2.809004532,1
261,085b2a38876e,24.393075621,0
262,8da5c2f12762,3.453827281,1
263,0f8bd7a29232,1.263600825,0
264,79b50932dd99,333.347970629,0
265,d3c2a73dff89,4.76171626,1
266,d436c977477b,5.525326408,1
267,caa27da5d078,7.9903188,1
268,1b31129e50ac,10.815113086,0
269,8e9ebdb230fd,34.599385905,0
270,c7bf117459b9,3.170768537,1
271,cb5e1a9639c4,0.6876478961,0
272,2521ef9e54ff,16.525821364,0
273,e4cde86e9d19,16.287463056,0
274,0be4c6285b98,11.605803568,0
275,2c10aa2d8373,7.011299058,0
276,15c98351e90e,0.7245745632,1
277,523ac056445f,5.701306421,0
278,a5cf502ec4bf,0.7490776456,1
279,cc14a22d7140,90.539670359,0
280,6bebf9fc57b8,6.884917469,1
281,35450dd5d167,12.644266328,1
282,792357bfece3,3.697724209,1
283,521ea7615119,10.635386245,1
284,632cc2a9bf8e,7.202857483,1
285,ff611bd61e99,7.114465426,0
286,23422ea56c01,6.502885676,0
287,e443169117a1,4.990675931,0
288,161b0dc38c31,25.698336533,1
289,1e92f6602c56,2.75363561,1
290,b2b48d24f7d0,2.485741944,1
291,1219bf7ef233,9.180793266,1
292,359db5fb2ec5,0.6264059583,0
293,8b769c5e8af9,11.025930702,0
294,4ca5735177c8,1.108762177,1
295,9488401a6b5c,286.642528194,0
296,40d00ee79727,13.671251512,0
297,30ba32ee0941,1.807864563,1
298,774f63006f03,50.153853478,1
299,77481ac85cac,6.708048957,0
300,3154c9cc4526,2.250343271,1
301,1070c22afc5f,168.957800602,0
302,96898ed41000,6.719969953,1
303,6e9088c960fd,7.564322155,1
304,b08e06598d57,4.753731003,1
305,fb44b1f22339,0.2598520271,1
306,6bc6b0f5d2fd,47.858770666,1
307,f8b013fc20f0,0.6877712514,0
308,94b5426396c5,1.589522563,0
309,af92e9086c4e,3.261338689,1
310,90bbc9533a02,8.727444545,1
311,99baee832a9b,14.761303187,0
312,91eaf87d9b81,59.17079679,0
313,2559fc0f2cdc,7.662768857,0
314,3a7e532d8a59,1.416005328,1
315,c3867352aab6,8.680223289,1
316,54b1cbe702d6,6.004574686,1
317,e969edf3b34e,16.171154926,0
318,399bf708025f,6.825253381,0
319,2284e196df21,1.151740718,1
320,956ab4ec8296,6.076137367,1
321,efe81c60d8da,0.3860627251,0
322,c8e3e02a93a9,8.087718499,0
323,bbc18deafe1b,1.461947367,1
324,a28fcc3beda1,1.845319539,1
325,cec09b6f87a7,0.628537223,1
326,c06f8d737725,3.764193323,1
327,619f08c8ea06,440.42180845,0
328,025b715449fe,1.397456493,0
329,2be16d1a459e,2.463370501,1
330,b006237ff33d,8.0654832,1
331,45614290270f,5.114569213,1
332,2437fc613e0c,13.53178188,1
333,5fa75ee2c538,5.980333505,1
334,a14840d04f84,8.495133609,1
335,60a05e35dece,6.878773101,0
336,a71e60b1e54e,3.492015655,1
337,8b14274c2b13,4.235720324,1
338,7cd0b80510ba,6.52281174,1
339,37efaec7feed,7.766094384,0
340,0e3803a9c736,4.051893071,1
341,ae5da5716b41,3.372868411,0
342,487bf8e1a4f1,1.200808632,1
343,3562ee1e8f59,40.215970713,0
344,709de818a575,114.743187462,0
345,512980bc62c1,10.526478734,0
346,8617f3728f3c,15.453245152,0
347,a4286709e555,6.29389923,0
348,16f5fa5ce97e,2.028649949,1
349,a83a9779a29c,10.321111206,0
350,6676c20b3c8e,7.135698552,1
351,e3a1cb6c45cd,2.425018168,1
352,bc25ecd3c749,20.134134921,0
353,a62136c5d05e,7.308146865,1
354,405852ac33c8,1.542591866,1
355,2451db5f3c6f,2.726007976,1
356,89c5b40d9fba,13.070268138,1
357,d096e644f859,25.344467401,0
358,e3cb81c17580,203.882085645,0
359,b6a55cb253eb,7.832158225,1
360,6a0a4247d591,6.288576781,1
361,aa31d99aef73,42.366921432,0
362,af3b9d6b5cbb,0.6476473379,1
363,d261aea14d45,25.282307688,0
364,34c4aa2e53e1,3.367582976,1
365,1dea2fcc947d,3.050570362,1
366,4b1933c52832,6.477636474,1
367,377dce655c6c,4.408001027,1
368,1615dc1e029e,11.740665257,1
369,54adb0945bc8,3.130326904,1
370,5fc81d2cb649,15.779551822,1
371,9b21b03d9048,14.744961584,1
372,cad7308ca2c8,2.330396578,1
373,155422cf942b,20.136835894,0
374,c6d335198785,56.755315527,0
375,39bd545bcf05,2.643690724,0
376,e08bb1ca1d86,2.148455503,1
377,31b9d190e94d,5.840658135,1
378,b3518233605f,4.167464205,0
379,81bd6f42ca7d,12.967615671,0
380,cff48f47e179,4.045987677,1
381,13450f1f8510,6.120753644,1
382,bc1295b20a16,11.809729744,1
383,6cea179577af,8.149136421,0
384,a10710112d2e,5.318849241,1
385,59a1a9b96b36,1.173436015,1
386,6c6552274c36,7.949097095,0
387,a8899f6ce120,4.162390443,1
388,cc66be1d2a56,5.526283878,0
389,21e1753848a3,12.096053824,1
390,72767cdbd518,3.101439572,1
391,d65c42f5766d,10.007962681,0
392,4df09a20d533,49.675986752,1
393,4e1027677989,4.065597994,1
394,d005282f09ad,1.237786255,1
395,a56b54e1c593,5.843490694,1
396,0d0044cacda0,16.462756475,1
397,218f10d8e0fd,6.404713703,1
398,fc6657f0747d,6.254853155,1
399,d73ab52c7d84,5.114191242,1
400,7e04bb9f5afe,35.840505224,1
401,872665d2d4a0,4.193583381,1
402,bcbbde30efab,54.060981584,0
403,3fd60c25b7fc,382.041637174,0
404,c0db09a41ae7,0.3839085201,0
405,af8aaa6ab480,1154.453958246,0
406,f9a6a10ad37f,1.419281651,1
407,2b0b4e219041,0.6330533371,1
408,bc93f1e4eebd,0.4899681687,0
409,249298388b45,10.582231785,1
410,d24459bdb4bd,4.709903611,1
411,4523ae90cdb2,2.64011891,1
412,2bb0406e8c10,70.173503543,0
413,f3815c11a6aa,87.372172325,0
414,5f65bd0309b0,0.8875917075,1
415,ee8621197232,1.998908817,1
416,b22af9413749,4.818576649,1
417,00cc489974e2,4.401884122,1
418,555e1980f5d7,4.261774616,0
419,ad5adb53fa36,6.201315528,0
420,cbc288d595ba,4.04467984,1
421,97fdfdcd51f7,6.17753814,1
422,338757053ba5,28.141081071,0
423,11d19c4e9980,41.586679644,0
424,af478e5f329e,9.442750188,1
425,600e5730eb50,4.678165374,1
426,6f7eceeaacb7,5.734774545,1
427,cd7cceb6898e,1.01150814,0
428,4e49df6a512b,4.984751974,1
429,3cd5091b582b,11.080285353,0
430,aa610b2170ea,13.047362402,1
431,8f9f7ea5cafa,4.327998862,1
432,42745eee8ac1,5.846871423,1
433,25d0d1d17248,1.750041218,1
434,2934118e292b,0.7072698146,1
435,7995b28bf42b,1.344673725,1
436,9af172ed1396,3.021146021,0
437,f6de9bb74c77,5.118084663,1
438,64864c595119,18.742715591,0
439,54409a01733c,0.6975951684,1
440,5309619d5958,8.599022846,1
441,6f177a3d23d6,6.856312521,0
442,87b619c933bd,6.116968136,0
443,efcb7d92dfe1,4.632907015,1
444,ae0adc0755b5,9.236775305,0
445,6279619ed2d5,0.7990167283,0
446,ca3b40e3f4a5,1.856012985,1
447,bed098e33b7d,5.823561992,1
448,cea3bd05d426,8.655801073,1
449,43a3999cca5e,10.35625697,0
450,6cf8044ef1a8,3.992486191,0
451,db3defda18fa,4.342597191,0
452,cf3ff1a00fa1,4.829679098,1
453,8ff3aeb0ceda,0.1976658339,0
454,d30c5743c9a0,9.047296648,1
455,0b32349742d8,31.803689946,0
456,5a5f74751d75,38.884839197,0
457,f869fefc282b,6.893769984,1
458,c2d5c34a0dc8,6.154654363,1
459,2539b1fe79ac,0.9407205668,1
460,44615bf7ad16,44.090783003,0
461,e83faad6630f,13.501093799,0
462,7978a5cc6950,8.589778762,0
463,dccf69297579,4.375431128,1
464,04c0932aaa6c,3.724726563,1
465,f1faa7d4a1f0,4.65900742,0
466,8833ec27c2d4,1.758055141,1
467,d42ed19c0d9c,11.65146074,1
468,e030bed77271,3.66616111,1
469,77f168465839,0.8049197798,1
470,a7376fc8b98a,10.349034039,1
471,940dab8a96bb,0.7960980457,1
472,f6431a86c346,8.394491298,0
473,02ef16a6c394,6.008748456,1
474,2a5cd8f9b12d,2.497470498,1
475,caeb03e1a8d1,103.372507846,0
476,bcbfc6e16423,1.211280622,0
477,b79125307185,3.038162754,0
478,63a8ae3a3555,11.574078018,1
479,8ddebedd7f16,20.073779207,0
480,4b8c6629ee86,2.827742565,1
481,ecda43e782d4,8.506738594,0
482,ad508fd81a92,35.296213123,0
483,d0c9e369bee2,13.012196231,1
484,91f6284d5363,13.445185063,1
485,b860b7ebf17f,9.347416777,0
486,a24e43b7765e,10.163822863,1
487,c0861c4083c4,0.0991073772,1
488,932d9e4ffa9b,2.433588207,1
489,231c40e62014,9.537564947,1
490,d97e1bd72e23,1.591252315,1
491,07c903ce6338,13.442647268,1
492,92d07fe9c405,1.560838497,0
493,bfad68fe2ab8,4.699347888,1
494,11dcec3421c7,9.127111945,1
495,89d6aac5e0b9,1.415489532,1
496,21694999947c,8.167662077,0
497,8350242b2df4,2.009909737,0
498,61bb27d39843,18.00089822,1
499,301b928b2a48,2.632581182,0
500,f0f06e6a36f7,7.405767698,0
501,c3e64604cb62,74.370568883,0
502,1b31fc8436d2,5.057775495,1
503,8d21f0e45431,21.722429847,0
504,56d97f67e9f3,8.332959718,0
505,0287240ca63d,13.011699386,0
506,cfa861ad68d5,5.511438681,0
507,70bf9808036c,0.7346031658,1
508,350dbd3bcacb,40.709785723,0
509,aa983702ae71,8.612110379,1
510,9f648e6b3199,8.107437704,1
511,3bb9513e6544,32.792614215,0
512,9fe0c667ff88,3.811754697,1
513,d55bec63f284,84.435994812,0
514,44a9fe9520c5,4.216885931,1
515,004cdd85f55a,9.525955471,1
516,499254fc85e1,27.217773067,0
517,89e36445b7ee,45.966465757,0
518,bae73c074541,15.149110824,1
519,2a0549aa0361,12.034296163,0
520,b10b20823f57,2.649064229,1
521,eb440a10ae10,1.607339706,0
522,bd27d7b3aee8,6.745329735,0
523,9e67a4751728,0.6388509744,0
524,542a4f7b4eef,3134.193283595,0
525,bbae3f8f82f7,1.79102269,1
526,fe06da6e1e03,17.99554838,0
527,730725274ea2,20.30924553,0
528,911b1566cca8,7.418637724,0
529,1cde89aee61e,0.768314507,0
530,0572f0f48c9d,6.72801545,1
531,56b5e147744f,8.061526394,1
532,e920f60d11b5,9.026109677,1
533,7db0f55c35a6,4.281959535,0
534,d10a5bdca9f2,0.06461140784,0
535,116a45daf8aa,3.363732976,1
536,4b8a6b03018a,6.321361477,1
537,50582e8e5c10,10.088455912,1
538,f223bccd09b2,3.660314357,1
539,824c0ed35f11,7.99491551,0
540,743e6166ee02,27.348444479,0
541,92480b4e17d7,3.970810804,1
542,cfa8624c2d1e,0.58262609,0
543,8cad16f890db,9.405131629,0
544,ddfba1616217,1.056743148,1
545,10db11020b1b,1.141903095,1
546,278f04d5dc97,1.738204538,0
547,44051eab1ef9,281.743838239,0
548,61ebc0c467ee,0.1958913398,1
549,eddc2201ab3e,4.777806825,1
550,0706a96a82ba,200.379024922,0
551,34d46bd57a61,2.430209341,0
552,ca811a600f45,11.652743488,0
553,ddf87428c63d,8.090140362,1
554,3490a8da189c,22.680958327,1
555,2120ea176dd1,0.3451184811,1
556,80909363f160,23.583721319,1
557,1d6d911db749,1.067421882,0
558,10534d4e7a9b,26.853872834,0
559,e10c732652c9,2.979654483,1
560,3625b7cba3f4,8.892842635,0
561,fed3b43e7d3e,457.843540119,0
562,373a4a16eaf9,35.190700103,1
563,acfff09aec0f,159.378531185,0
564,3df4f925a62b,12.49292679,1
565,d02018b70fb0,6.561641533,1
566,c5cb1d3a8599,5.971852864,1
567,4eef24c6b824,1.585840096,1
568,b7b1eb771179,7.473411046,0
569,5cf8851c40c5,8.031237759,0
570,961cecb58184,30.637355167,1
571,53a34f282549,3.173404453,1
572,423e03289170,3.879550946,1
573,e25ecda54a75,4.537477814,1
574,deca4a03814c,5.594596397,1
575,44f1bbc5b4c9,203.143738217,0
576,0d78c38c2a39,4.049552408,1
577,10973be83a0f,4.207592557,1
578,5e84079c4601,2.660204161,1
579,017ae987199a,5.039131185,1
580,489ca219174f,2.857419731,1
581,3d22c86ba2c9,1.681462384,1
582,07a7458399be,0.7729825794,1
583,cca6e68ea176,13.975384578,0
584,a23e14e51b10,2.192327902,1
585,f23173a6a69e,0.7650038087,0
586,6ebfbaa109e2,4.990039785,1
587,142e477ce259,17.86679629,1
588,010623832618,8.582386618,0
589,61623c4d21bd,10.142363927,0
590,d11dffa1979b,3.341894097,1
591,16c9d7394f67,12.369059504,0
592,022284656eda,2.099994417,0
593,624d6c4389c4,4.109783623,1
594,1c17de6f9602,7.736976522,1
595,a991b89eed28,4.800438878,1
596,0622caefe523,12.128903099,0
597,868e9edb67ef,1.169372331,1
598,b570c892f704,2.948468315,1
599,763661b6ac50,7.852596737,0
600,240b560f8226,6.055020615,1
601,7a78925fa638,2.353871894,1
602,33de23877ea6,3.378924377,1
603,21f2da8b3f74,5.778618585,0
604,2a7ee6dda455,5.202418796,0
605,821196656a86,4.591187627,0
606,ca90f39707c0,12.121050526,0
607,6b24cff1a042,15.722078037,1
608,11892eedcbe2,1.44432899,1
609,c3ced8d88c36,14.773132849,0
610,07408b004e16,97.392731161,1
611,41cf091084d6,14.639793863,1
612,f130ad7e4ab8,4.449113565,1
613,b51e45a12fba,85.602065022,1
614,41bcd15fc9fc,2829.735120787,0
615,1d3f23f453cc,194.968671744,0
616,1e392e468e57,4.690452556,1
617,7cffec5b2779,19.802798823,0
618,1bae5f9367b0,14.594608557,1
619,3650f2a6c9e5,0.818685155,1
620,76fbcd7c7892,4.366475249,1
621,38efe5e64041,2.912262262,0
622,93cf6d4096e6,16.261504351,0
623,d31fd82522aa,2.187260161,0
624,a6d740e99891,0.182405511,1
625,749ba437ddb7,6.257818439,1
626,5c6f01a98a18,5.854779429,1
627,8fc6c6d6b92c,3.518529014,0
628,8aee9a1cc65c,1.023932743,0
629,3a712cb6cf33,4.419433878,0
630,fdd5ec817699,13.463816358,0
631,140bef944914,6.455500381,1
632,466aeceddec4,5.876945072,0
633,31402d140687,5.017394453,0
634,8a5bf75dea53,14.011515573,1
635,eef557c8d2be,23.147242951,0
636,d7d5738a319c,5.951084905,1
637,c0adfb595b98,31.661805224,0
638,8f61098bccb4,3.529590431,1
639,aa8208824668,0.8219731651,1
640,cd9b7833bc32,3.389171977,1
641,511425f1125b,10.181441025,1
642,2170de5215c3,8.110253395,0
643,af773452206f,5.810539423,0
644,1a85cd8bae88,3.76265045,1
645,5c64dc7d4705,0.3965622529,0
646,06dd1d6744a8,2.912867331,1
647,2f30ec3c0bf3,7.094763502,1
648,c469a67699d2,2.63157566,0
649,9bcb773f9580,5.034039929,1
650,936bef1fb49d,6.56006233,0
651,8c3a72f9f814,3.208916221,1
652,db9d83cb32ab,10.079968615,1
653,24c988b91198,21.4673368,0
654,2ecfd589ba4a,9.153441064,1
655,e1fee01ee26d,2.095835426,1
656,18b2b9dc9406,37.392342771,1
657,ae43b81d5073,2.299200452,1
658,e9472c2869e3,8.563239292,0
659,e7bd0f718c97,9.102690599,1
660,f6806da99e31,4.826154305,1
661,79c56d57697d,2.074770717,1
662,cccfc2377e10,112.099655851,1
663,dc3d58317a37,2.636539717,1
664,ba64fc14ebb3,2.674431368,1
665,29eca57d2b89,11.880284756,0
666,accc49841f0a,10.278703297,0
667,96a99d3ea1df,5.455562515,1
668,f522915c7802,4.04841049,1
669,26eec94c80ed,3.181592814,1
670,aca44206920e,1.61505013,1
671,3a0e14026c6b,76.104832671,1
672,bf9e705d0081,4.046228683,1
673,bc8bb8f5ff7a,23.449607505,1
674,4e33fcbf6225,8.195639278,0
675,ae7af4300033,698.965974863,0
676,72d9dd541c4f,9.885977802,1
677,08eb507fdfc2,3.545406837,1
678,822ff29e8047,6.084570855,1
679,3189722cce95,1.709430704,0
680,0b3baf54fa37,5.779713156,0
681,d02d2d6e437b,3.350238297,1
682,696e66d47373,105.90731252,0
683,ed8b33038fc5,2.937167089,0
684,6a6581ce785d,0.7946927033,1
685,02b375a0bd0e,5.127495891,0
686,693e66899edb,10.005926663,0
687,c9560b7bb8f6,11.048009561,0
688,8cdba996be62,49.330409711,1
689,0c49468f854e,5.978604117,1
690,5139103f771d,63.835113047,0
691,eb7046437af1,5.671940738,1
692,3451d35d093f,1.864138708,1
693,6bfc25cc7df5,0.7839791128,1
694,aecef364029f,26.456682526,1
695,63a7db0259ce,13.355967806,1
696,97782f82720e,19.806237448,1
697,5083dd92b927,205.461120806,1
698,d73c59ff9fde,6.480753385,1
699,4c79317d1d2e,18.701816578,1
700,39e5b4830d4d,7.01447234,1
701,bfdc19cd801a,6.319002241,0
702,bb04b9e42f96,2.301450275,1
703,50978330f36b,10.41981138,1
704,0a588345112e,0.4707752792,0
705,c59cbea98812,3.670560291,0
706,d708536983e2,6.795597285,1
707,f2e2f4bb1788,22.79047831,0
708,e71b48da1302,3.062796437,1
709,b0c61ebc7bb8,3.255978393,1
710,15add4a25884,1.890130271,0
711,d6f4653d7a3d,20.478210038,0
712,2be773d8ee71,50.729691391,0
713,32098efdcdf5,9.171306539,1
714,1c40b7658984,8.501191644,1
715,f138665c5aa6,6.39604377,0
716,9b275340b1a9,3.503528274,0
717,62132bfbcd57,3.553610697,1
718,d575a5dea497,13.351374522,1
719,e4f1a7cd2c51,20.958528648,0
720,e33d4e0a9dcc,20.254360745,1
721,51f857a7090a,10.695111153,1
722,8c77895f23a5,3.997483672,1
723,956e3a30aa83,4.463064949,0
724,6140496ae813,24.116063919,0
725,fb932b80ee3c,4.111764885,0
726,b5871f9c7958,4.627303628,1
727,51984e3434d2,1.788306737,1
728,5c4d389b5160,4.441750842,1
729,8074bb7d4a1f,1.535356158,0
730,817944c9c685,1.618033423,1
731,6d2d1507c165,10.361449499,0
732,1991ea17fe5b,2.365067637,0
733,2138e671032e,4.79319344,1
734,721cf4af683f,5.996384101,1
735,8788caa73920,3.87276971,1
736,bd3a48f2c5f7,0.2951445344,1
737,c36a1f5e2a48,3.331422192,1
738,39500ee4c1b4,0.4177940082,0
739,12e13a331475,8.762733745,0
740,1b21182d31e4,1.086237838,1
741,4bc5b5c0c74b,2.3077623,1
742,476d2c8a91fa,11.305962931,1
743,be4f4b1608d6,3.159716191,1
744,8e5efe42177f,6.384550977,0
745,a38a75fc4ac6,24.16940176,1
746,42bfe80fd854,21.342876657,1
747,340cd88affc1,8.149810633,0
748,27d4d45d06f9,4.733555389,0
749,4e4d19fa2ed1,1.114800644,1
750,a0dae43ed405,645.521615761,0
751,e0688b1a2f32,19.845513323,1
752,9a72540b319a,16.986753427,1
753,cb88c9ac35ef,3.767829505,1
754,798ddaf4f9cb,10.123192269,1
755,360c01e9b39f,27.727856837,0
756,8aaa550d7fa1,7.975307176,0
757,314e025d7cb9,4.132035134,1
758,63952a79d8fa,18.521265883,1
759,9e15db34897b,3.280174261,1
760,527fda157ed0,2.661209826,1
761,187526313b1d,3.320254456,1
762,ea9eabe49d5e,2.999128797,0
763,994fb385888c,95.682042412,0
764,2083296bd79c,0.947620525,0
765,d511b5d46902,11.232143896,1
766,03578baf2d14,6.518663768,0
767,679551c92dbc,7.834900296,1
768,e8bd7957a6e9,12.042848406,1
769,7b0c43de87cb,3.082268333,1
770,551fd106e566,644.303257967,0
771,717ae5f18c3b,20.265692084,0
772,f6f855d3bfc3,20.418653862,1
773,86f2a0c23daa,8.893250362,1
774,c840124f7e6c,22.442112908,0
775,e53004639f1c,2.49777588,1
776,0b59f34f597a,13.88327424,1
777,f7a8ed905990,16.492647692,0
778,c40b15ca508f,1.518626966,1
779,07694e757e99,7.989855372,0
780,1bf35f36333d,6.194873255,0
781,7d55d6c62061,8.094688499,1
782,56a759db2be4,5.844142797,0
783,e6b15dfc0cbe,8.289017468,0
784,79abe3199ccf,4.466417085,0
785,2fbaf708d69b,5.466959489,1
786,6dadffb2c738,6.049206712,1
787,53fdc1b071db,15.131499322,0
788,578d3d09792d,11.572841319,0
789,cbe52a3141e6,5.550735926,1
790,8a1d282fbc62,26.951913011,0
791,3d81c44aaca8,6.173098905,1
792,20491a692875,225.253161587,0
793,a42e815c58f3,6.891467023,0
794,64c212df34c6,191.44042852,0
795,bab13030d2a4,93.774140871,0
796,0f2cce1aa7f0,5.521065503,1
797,4e27404e0027,45.709856838,1
798,f8986753354a,26.955898855,0
799,0632dc7a43b1,24.466421136,0
800,5ad9fe378347,9.332965559,0
801,62952ce7d3e9,7.781751739,0
802,aee4848a8580,59.079085118,0
803,2d7d00c8ade6,84.800448977,0
804,184eb9d5f7fd,40.880111633,0
805,885332b7f22a,9.141805687,1
806,6abf13b55aea,0.1107685371,0
807,7bd3dc63a160,2.015023815,0
808,b76251f64f49,4.018348912,0
809,9f110ee550cb,3.457366474,1
810,e21628bac344,16.752237199,0
811,45bf2a09d4d9,6.086591474,1
812,a4ec28637201,1.394490994,0
813,12007f07fca5,1.462530536,1
814,5ceaac1b3e01,76.793154575,0
815,6ad700bedd83,9.011999131,1
816,214538a798d4,4.672049272,1
817,57e7113182a6,10.190843374,1
818,d7744ff85717,1.838528041,1
819,5e9abe7a56ed,5.824984678,1
820,54d6d1cdc121,8.854304242,0
821,7114a0882e5d,18.050564055,1
822,103006a34e0c,3.16839364,0
823,86ffa533add6,26.359111832,0
824,3609d62fdb61,2.896292224,1
825,54c2e1a2f541,14.467004793,1
826,9c3a1022a13f,5.972113494,1
827,f4fe9ed65d4f,5.607888127,0
828,59f506beeccd,5.341431198,1
829,cccd34d95dc5,2.819656285,1
830,54a462dce3c1,3.909467109,1
831,5e8a21ead848,3.901493385,1
832,8032b67b62f5,4.722583566,1
833,682b73e4ac26,18.341066883,1
834,8184310cd109,16.222318711,0
835,a4352a485941,7.157709722,1
836,db35e21d51b5,4.000242049,0
837,bb0c5a9fd6a4,5.850092919,0
838,6c600dbc187c,4.817981994,1
839,b4746c6ec078,24.65499671,1
840,373adfd78cc0,0.9967000255,0
841,1f497cde557c,10.038287437,1
842,bffd37bcc0ea,9.300128828,0
843,148031292317,3.300146839,1
844,3b7186a51e6d,66.452671468,0
845,abc1ff388270,9.052111107,0
846,646ea841f7ad,6.416430334,0
847,20a499262136,6.542005117,1
848,2074b74fbf8b,6.827557706,1
849,4693ea6f88eb,10.748929206,0
850,eb760fdab1ce,107.837802675,1
851,36b581c7df84,5.920090744,1
852,f340523d472c,12.764164967,0
853,609de8094345,13.297675544,1
854,48e05d3f015f,7.622599172,0
855,6041bbb08b7a,282.447309949,1
856,d783e8212cea,80.83711826,0
857,48090555853d,10.170720446,0
858,3f20938e7505,3.793613388,0
859,413de224e7ce,2.129545428,1
860,756e370e972c,4.621428657,1
861,f92427568773,1.744693252,0
862,389f9235a363,4.300773021,1
863,cf74ccd1faf1,4.359083834,1
864,6234dafad0c2,15.669155056,1
865,0bd093ecb687,28.295164043,0
866,d606971ce52f,11.96324614,1
867,47acc8b90f4d,88.018188846,0
868,2b6835698ec8,3.836845692,1
869,ffa8175ddd3b,2.608832798,0
870,f0ae22e6156e,7.662964114,1
871,c9eb29fe21b7,15.611347975,1
872,9364c0b7ec4a,2.513608734,0
873,ea48913bcbf9,18.013532299,1
874,9a2d94742295,4.193289994,1
875,55f96e4d0df9,0.04929124894,0
876,194409ffe6a5,45.854721033,1
877,d20da8dc1ed5,0.5088358989,1
878,53d24a7f2dcc,7.455058179,1
879,c7c5f56a39ad,4.928983171,0
880,821e1f53f1c2,8.057845528,1
881,6c16cc05218d,1.470469781,0
882,7a5be8f2ada6,3.219142959,0
883,d8fa9bccaa12,8.845478354,0
884,b870082ba75d,4.134774924,1
885,c4e6702e184d,2.028386934,1
886,76c88b927963,4.494548996,1
887,263d09e09633,8.021045432,0
888,71d8d9487a9d,2.18843452,0
889,4f112085958d,9.026330067,0
890,b7d39cc7592a,11.725877229,1
891,a1f8fffbb17d,77.84684047,0
892,eb982d2b777a,9.904618534,1
893,f14c5bb83d35,1.362136139,1
894,1a5de96b8308,130.865646049,1
895,b3a8e0e1f9ab,13.627932806,0
896,e0af15d9ad39,7.41032757,1
897,092d6b6c9401,6.430427326,1
898,969c6cdd2562,12.715301257,1
899,857774cb4529,142.577437499,0
900,cc41d80b1697,6.008978366,1
901,dba8d675d13a,9.231275489,0
902,1907e0ee827c,27.393799702,0
903,7fb7261ca5ef,13.520252971,0
904,638333fed90e,60.547022425,0
905,c70533336290,37.833644643,0
906,f0c3e6495605,0.4289517024,1
907,22d58872192f,5.65764652,0
908,4bbcec8e8147,1206.595111947,0
909,7121c17f02e3,15.066753188,1
910,71af38d89c9d,1.403998083,1
911,ec28638a4180,19.467428092,1
912,7e5a1e6babd8,8.580112819,0
913,2162a85ad53b,152.101757472,0
914,f6600895cffc,3.377005766,1
915,2e67088920b9,1.434826229,1
916,e2750afe3427,12.918802455,0
917,e68259a977d8,5.113142616,1
918,7262135db7aa,6.415927604,1
919,557f5337d3e6,49.446131829,0
920,6d0ebdd8646d,15.358209338,0
921,6964f30cf238,13.197508504,0
922,8c99fd9fc5ec,1.548032104,1
923,e58a26c74fc2,196.462795253,0
924,e16226fb7dde,7.076362169,1
925,4201bb219617,2.119665992,1
926,939c8fe28a3c,2.413486533,1
927,89cfcea2d815,3.0029365,1
928,1db1a3ffaef8,10.939069804,0
929,5ff9c44401cc,1.893540935,1
930,191347b21ec7,9.427386781,0
931,d5e28e9ccb2b,6.511716027,1
932,b8fb3b4ab624,2.043936169,1
933,bbb959eb0800,17.826140434,0
934,095fc8a03f18,2.781833463,0
935,58d99ed594db,8.413725107,0
936,ffc9c7e426e5,6.066736314,1
937,7de53cf657da,10.112686041,1
938,640b07c99c21,377.709987806,0
939,bc09c7b70148,1.556248334,1
940,3dfcb2607ca7,22.38547886,1
941,3ebcbff73837,52.231991782,0
942,8e54c1a1f0c1,8.375770465,0
943,453afb3d310d,3.414323425,1
944,e9d09d26ed26,7.888433382,1
945,a1336c6de492,3.835846421,1
946,5cc2c8dc9dc2,5.45868123,0
947,cc4b353fbba9,18.996217281,1
948,63260177628a,6.851861599,1
949,d43c8f391800,2.300585081,0
950,8fc1e22b71d1,12.521729586,0
951,5876cdb8b0da,1.213275618,1
952,83e7eb77f0f1,12.715212237,1
953,cffb6ced1502,5.346237419,0
954,a58cac7647f3,12.836002123,0
955,112a779faa0d,7.581091383,0
956,87557ad1d2f9,7.600481659,1
957,b15c82f6478c,3.297807408,1
958,fa5e7e54261e,25.084860848,0
959,c6ab41a0b97a,6.288663898,0
960,d943628f2231,15.405753741,1
961,fbdf2bdc4b2a,5.733111244,0
962,38320617fba1,5.547187136,1
963,a0dfb06cea40,2.498850117,1
964,65a3e16223b5,2.028676348,1
965,0970cc3beac8,5.189647153,1
966,ae585b0ca509,7.098798777,1
967,04786952027e,6.016344625,0
968,36b212ef149c,1.922086858,1
969,cc0da82898a9,199.214348059,0
970,32d211f3256b,4.115432502,1
971,c43cc503a43c,50.495419242,0
972,99dfaba20190,17.956236976,0
973,224365f62f68,8.791860278,0
974,716639f841f5,24.870561513,0
975,ea7fa9e4cbad,10.603153598,0
976,fee1882ab7f5,56.944020036,0
977,c615430ef56c,5.847750914,1
978,0f6ef22dc220,1.280519931,1
979,ec6d5248831a,1.496756436,1
980,575247f7b834,4.09207587,1
981,52b403a5afce,13.188256381,0
982,a02a7093edbc,55.798294359,0
983,aee336a1d75a,16.219736768,1
984,ed138478d0de,7.729041888,1
985,2411bc00212d,5.083767503,0
986,7dcf1501322b,8.280750395,1
987,1ff08e440903,0.4033908982,0
988,406e56fcf549,13.219212113,1
989,0bb298c1fc13,3.441904024,1
990,bc7fe627d446,3.015764489,1
991,548cb017afaf,4.072291373,0
992,00e2c609b433,13.61728709,1
993,9cf4e37076e3,0.150838641,0
994,40ee25ebdd04,6.035524854,1
995,96c9b526851b,5.464767661,1
996,5ab34f6392ec,4.410578543,0
997,6c10b76d1675,32.512744515,0
998,a0f2aa57f2b0,14.796175342,0
999,98224c72c0fa,5.082210723,1
1000,f01bdab01dbc,6.472934546,1
1001,90a8102dd08e,137.59031023,0
1002,980da124d80c,5.615477545,0
1003,2a13a24897aa,29.277283858,0
1004,c9fcb0463eca,6.026101551,1
1005,b8dc2c143be8,8.655831002,0
1006,2a96810f857c,149.102088463,0
1007,e4ed4d14170e,7.008746013,1
1008,51a3d55156cd,6.290861307,0
1009,a6e0f1a76758,4.614399465,1
1010,36a931194d76,0.9995695797,1
1011,d5fdcbf8546d,9.342310384,0
1012,f59f8d404b9e,5.93995436,1
1013,570e38102766,3.436895491,1
1014,30ec1ae05d7d,4.046800418,1
1015,44cdd65e10c6,113.3893078,0
1016,3383ba0ebc95,5.617126462,1
1017,04c79f17d42b,7.09936273,1
1018,f138448f1a22,4.060263375,1
1019,7182dd431b5c,22.254282903,0
1020,429887cf0e9c,6.092862443,0
1021,771464a988e4,8.470417781,0
1022,b1a0b9304afb,9.790565657,0
1023,57de90e51be5,3.233513664,0
1024,0604cd3138fe,7.676528234,0
1025,a7233acf9f73,16.807876026,0
1026,b0ef6079ccc0,2.833460751,1
1027,0925b6de7ba8,299.511290686,0
1028,96a055c0764b,4.161394791,0
1029,2dacf50307a2,5.173046124,1
1030,62c488bbaded,3.757640503,1
1031,27804d520f5b,5.402163822,0
1032,fc1e76d7f3d6,12.311326889,0
1033,88198827bccc,6.396409402,1
1034,74ae3cb7f692,1.402524531,1
1035,1a6b8d0b17c1,7.765033988,0
1036,f7101c4cbe78,3.287148858,1
1037,f6b88d735215,4.082622936,0
1038,f3216ee25480,5.797601397,1
1039,330738f864d9,4.910712497,1
1040,d37a536a4ea2,6.169691432,1
1041,165e75840c39,7.174117575,1
1042,7684f0452c46,10.653092482,1
1043,6a802d54681c,20.918539645,0
1044,2306c899cdd8,8.10564142,0
1045,49d085eed1ed,4.262285822,1
1046,b2c4d369c01a,3.560045955,1
1047,86c69827423d,13.033793733,1
1048,74ed65a2d22a,8.938464153,1
1049,becb10632805,29.457087968,1
1050,e8e65b695662,11.253524316,1
1051,f288b23290e3,4.638073325,1
1052,19439c8fbdeb,5.168069309,0
1053,b0d7e72c6d81,9.807544254,0
1054,d1c9560f900b,24.747524022,0
1055,a4b1f95ddfa1,0.8613647712,1
1056,7f3541038c0c,8.243241662,1
1057,3081bc7f2caf,8.170173078,1
1058,b88807bab423,4.315286857,0
1059,4d5ed6fbbcd3,5.816563551,1
1060,5d89aee78222,4.177580885,1
1061,34345e127ad7,7.360620477,1
1062,b6316aa9a0bf,9.727860711,0
1063,68a3000ba991,1.930209873,1
1064,49fdfc988e29,37.98547584,1
1065,570c3cd70292,3.749242153,1
1066,042a78c14bb4,0.9373078574,1
1067,cceb8a1f7db3,6.054163724,1
1068,93bf8869354b,5.453196982,1
1069,34a221bb96e2,166.000472564,0
1070,64012f56e9ca,4.373284725,0
1071,f741ade8c7c5,2.084139887,0
1072,bf803398fe97,35.374851173,0
1073,75bb983f4bb1,2.844910971,1
1074,bf350cc29652,6.255009709,1
1075,88c9cc95244b,3.738556716,0
1076,19e3b5e39e15,88.449822594,0
1077,cc3b02a1d33c,13.867638723,0
1078,5cb58b248a74,2.813927745,1
1079,415f9146898a,1.20479175,1
1080,98b754af76c6,4.381866605,1
1081,263522fa2776,0.147742687,1
1082,2d769adc12c4,5.722009525,0
1083,33d936f40a65,0.07754331243,0
1084,bd2079738bf1,0.8000162359,1
1085,1acc01f346b3,6.83799714,1
1086,20a0b846a834,3.581472819,1
1087,970ceca048b2,9.134226434,1
1088,c549e5a41625,3.882947865,0
1089,9740a36f4010,12.658976161,0
1090,ffb8a68d5b41,29.172944092,0
1091,6cf43ee5bd50,13.106842677,0
1092,7f318d0dd07e,5.219724345,1
1093,175eaa5c8922,7.621278799,0
1094,3e32a80ad106,8.063670476,1
1095,ec0a3837d40c,5.38629216,1
1096,793de180d506,7.357964603,1
1097,ef4e2b065d8d,309.194781773,0
1098,29938b66ee9c,3.70190714,1
1099,25124cd5d752,19.694973874,1
1100,f169433b549d,25.0116746,1
1101,f1afd818b905,10.658258635,0
1102,567b2c024754,3.83415969,0
1103,9c3a67317761,6.831887515,1
1104,268de994ffff,5.318928376,1
1105,a3b4a5118f8e,16.065606367,0
1106,dc010e0df5b6,15.18411431,0
1107,3564e90d0fa2,4.707717502,1
1108,b4f60d20c5e8,8.216658628,0
1109,0d3f2f1576ca,3.533919577,1
1110,bf3b75b10b59,5.754331368,1
1111,8443763abf55,0.7274009746,1
1112,cee51a537b73,3.530931163,0
1113,e02d97fbe3b7,28.598737411,1
1114,8bac3eea3d65,0.5813426078,1
1115,64cd896af0df,40.90551563,1
1116,8d6e970d680f,2.879393565,1
1117,94a3afd7ce92,9.379094338,0
1118,90ee7f52a4de,8.254402566,0
1119,7243ae377c21,9.71155112,1
1120,631c3ee9f051,165.932250802,0
1121,bedc725da6f5,2.666798276,1
1122,0c957eac7ed9,629.457019025,1
1123,e91246f11ce9,8.804730121,1
1124,ee17c7fd2851,80.515084524,1
1125,1c196870d209,21.195495867,0
1126,51f380012e3d,5.515849566,1
1127,c7ce483fd1cc,13.056317027,1
1128,fae0c2882cba,45.362363435,1
1129,8b852b0b30d4,8.445477148,0
1130,cfe72eb6dd9c,2.249930079,1
1131,311237abe490,20.051027715,0
1132,e7f10ccd4852,2.138567555,1
1133,32194ddf284b,2.482229293,1
1134,74350d2c2d26,6.125094563,0
1135,4d69e7b48249,13.574966657,1
1136,c3a35ec5c336,5.206241117,0
1137,33167bac2de0,21.957598551,1
1138,ed9253c2fe83,0.4848176126,1
1139,903dfd28f687,2.531792876,1
1140,3fc7cd951ee8,6.865690139,1
1141,ae65e6c7312a,2.16721013,0
1142,3b87e4dda43a,1909.930462797,0
1143,c5f99ddcbf85,5.382430013,1
1144,1a9bf2cb2047,1.153597602,0
1145,2e0efa10d4b6,7.491649438,1
1146,a1ad416d3775,12.791144486,0
1147,2669177e036f,7.500010293,1
1148,7673aaa406b7,6.832145381,0
1149,6881f2b0b609,12.338558256,1
1150,b103b4b46639,27.886746336,0
1151,303e652fb5d5,13.731164167,0
1152,c0db79b8255c,5.237392338,1
1153,a08a6e69c486,4.737651137,1
1154,da19ec9481cb,3.352271824,1
1155,e2a8e0bfa1ed,1.876343911,1
1156,0df4bf175294,38.950111199,0
1157,f9537f8bd240,1059.529858947,0
1158,ae7203b85390,397.413936069,0
1159,676fc12b41bd,14.86461468,1
1160,88500e2a216a,1.66895996,1
1161,965ed7552e48,22.81080816,0
1162,0320528adcce,23.004257875,0
1163,949a0f8063c7,3.321244134,1
1164,bde25795dea6,5.646775288,0
1165,f05667511f0f,23.987825038,0
1166,4c4dc2eb93b1,52.842355823,0
1167,d0d282f8e42c,10.545807272,0
1168,13594300cb05,4.330768674,1
1169,16368b02d04b,1.926763288,0
1170,470ff68ed3dc,5.322609897,1
1171,cc0c82081772,22.431469976,0
1172,33a4c042f6a1,6.489954121,1
1173,47a3740e77c4,14.344899689,1
1174,1813d3440861,57.196357044,0
1175,f5334f59cc82,16.958161255,1
1176,2be68bedd48c,5.2300594,1
1177,baf61a035cd0,7.102530887,0
1178,d5b2f984bb57,40.517371937,0
1179,ca1ebcfcdb2b,3.016888806,1
1180,b4801b543a6f,4.05226854,1
1181,2754f6e1f004,1.380324536,1
1182,e3e18f8d188c,4.818425218,1
1183,35a103950d69,63.666383596,0
1184,703c45c81804,0.206800688,0
1185,a38280500952,5.306124882,1
1186,1740c7cde0c3,1.258199034,1
1187,8df19f9d49fd,120.880528466,0
1188,97425fb92d41,13.389965492,1
1189,1a8714eac6e3,13.787394976,0
1190,10548f9d6b5c,61.709973689,0
1191,5b4afb8d2ed6,7.827958431,0
1192,f231cb2af995,11.362555877,1
1193,6be44e92f51f,31.521577885,0
1194,8e7aa253cdcb,15.189863814,1
1195,9b04f5410f80,4.631218578,1
1196,1bd50a482b54,4.066517949,1
1197,2c77f48e72f6,2.802911955,1
1198,0e8b7a7f79b3,0.8790034827,1
1199,44c875a35e8c,4.91953619,1
1200,36a71a5bca25,2.058579152,1
1201,bb0a6ed87fd9,4.457214021,1
1202,dec8f3b3bfeb,7.986422452,1
1203,c7a527ba19a7,96.169620293,0
1204,7c594c644910,8.473312072,1
1205,17adbfa3a046,9.567472154,0
1206,9422370500e7,5.292400948,1
1207,4ab75b931e46,6.80925624,1
1208,9bae9cdf01e6,58.299626878,0
1209,73c173325e4f,26.945092667,0
1210,db34c01641df,3.826527393,0
1211,e922a9e73b66,15.733724505,1
1212,abcf0898f37c,3.675921038,0
1213,d3377ab985fd,1.503732411,1
1214,1cf59beb863c,0.7325953691,1
1215,9abddc3ac015,110.667774495,0
1216,0bfefda5d962,7.326654522,1
1217,5485ec644342,13.40154723,0
1218,b0cb6fef5be0,12.094522896,0
1219,363341185eb0,6.850318096,1
1220,13124c098d9a,17.926035137,0
1221,c141b5b7c073,3.470926565,0
1222,ee6b10df52e6,7.811655997,0
1223,47b19f8bd140,7.885392656,0
1224,66f75d8394db,3.596921707,0
1225,59be4ffadea6,5.450486809,1
1226,08b5b23ea880,8.573559835,0
1227,0345fe1ba399,11.223514879,0
1228,1de4842b42fa,1.863536665,1
1229,abec6bbe560b,4.440663079,0
1230,ddeaefb9ebdd,1.739619718,1
1231,242453221a13,12.4302957,0
1232,4332cd76590d,9.496850496,1
1233,0e8612e70523,11.57419617,1
1234,2cfc8ccbd7c0,41.676782262,0
1235,a310cacc373e,10.861725655,1
1236,1863b0b035e5,4.172027313,1
1237,eadfccb71b44,2.694690479,1
1238,729d868e3527,7.600164159,0
1239,767f4a1d56be,3.819579488,0
1240,c898b3c4675e,0.6167532631,1
1241,827b209fa167,4.633551491,1
1242,0020a5f0369e,39.337390128,1
1243,8c00431d1986,0.6024504423,1
1244,c3daf908b005,1.191753044,1
1245,466a192696e0,149.938983512,0
1246,7d10e92d7749,10.639342998,0
1247,fa5b4360fb10,1.999447028,1
1248,809fda6c0e1a,10.506069004,1
1249,6bcaea988250,61.793309267,1
1250,9d354af6c4cb,254.171011634,0
1251,67021fcf60c7,4.135864327,0
1252,ae3fd9fab08a,1.463796474,0
1253,efa23694266f,2.463996652,0
1254,b57b7aa50d4c,252.252925485,0
1255,36c1cc2f9d70,40.806273654,0
1256,cc83219f2c8f,5.800114647,1
1257,67d2a06e4b7d,20.533248585,0
1258,dd9aeb023009,21.80995475,1
1259,728f5e3006cb,3.365340535,1
1260,c9d2b8481d99,8.617819401,1
1261,f3f3635203fd,4.743119874,1
1262,acb7127a17f1,2.712361823,0
1263,39890a61c75d,12.307254829,1
1264,2d7cd510bb3e,10.535936863,1
1265,95d2d760ea8c,7.012375128,1
1266,aafe20b988e2,3.923454175,1
1267,15e922d2d8a0,3.873068613,1
1268,296ec13ba317,3.252543863,1
1269,e41035773590,14.272640522,0
1270,4898b2c89209,6.907984275,0
1271,0d56ac2b602a,9.903488889,1
1272,c310a8251638,17.635672416,0
1273,65d212ae6722,15.245224461,0
1274,97a3d725a8b4,13.511948517,1
1275,9dfbae98257d,1.763679082,1
1276,65c1ffcb20a1,14.795076903,0
1277,970ce027b705,709.349799474,0
1278,7b15c3ea24ca,10.235504409,1
1279,93fa9dee9e17,4.357638184,1
1280,179cf283f9f5,1.235103146,0
1281,4f84c9c3ddea,16.471802076,0
1282,33a194cda7de,19.142118001,1
1283,548478295759,12.780643481,1
1284,bc731ab57fe7,10.566632909,0
1285,03f56b786b6c,2.983925031,1
1286,733f3fda0606,3.255616154,1
1287,d0dc1122c6b8,0.68947383,1
1288,2a84af033e98,8.907896787,0
1289,2d693da3ec61,6.719248284,0
1290,e8f248d7a437,8.50266253,1
1291,d41acbe58a7c,6.622420641,0
1292,50e2292433cb,198.213142267,0
1293,dd19891832ea,7.023811906,1
1294,71afd924779c,4.640115564,1
1295,61503690505f,1.897366117,0
1296,1364719e65e0,5.419900895,1
1297,58f93c9b846d,2.018705924,1
1298,65b1818716eb,6.782565889,1
1299,7f2048856d0b,1.905334304,1
1300,06954b8a7f8d,4.049015033,1
1301,50b98505c582,4.609646425,0
1302,704fabf04c11,4.454989283,1
1303,e730440aa17a,62.849681791,0
1304,63ac651e90f7,0.7074212895,1
1305,5616b21808fc,6.767312673,0
1306,d7ae93da3f90,7.954241052,1
1307,45f173626489,0.9996754983,1
1308,9233bfc94cd8,219.744104511,0
1309,d034d34cda8a,9.565858774,1
1310,3f4e156fd1ed,4.156625548,0
1311,fab26b8ce8bc,0.08309332275,0
1312,8b552941221e,16.330971967,1
1313,ce51bd929fb5,2.68841294,1
1314,35a6c93873ac,20.540037372,1
1315,137ea7d0d28a,10.510975334,1
1316,c9b65aa4356d,8.867122627,0
1317,759143de35e0,0.2801905995,1
1318,23ad860643a6,4.701139146,1
1319,d186e2c7d31c,15.587565804,0
1320,d1069877e710,221.127687829,0
1321,6f08b1950ea8,9.048977587,0
1322,b644c82ec98a,4.589062752,0
1323,c4d605256b4e,3.822486041,1
1324,15ad78f5cb85,40.285760316,0
1325,82fdfad9a9f0,5.226182218,1
1326,7a33bef8b88c,4.562011581,1
1327,cca3993e143d,6.163735873,0
1328,74fd291be265,89.541641099,0
1329,1072aa7d027a,4.27505618,0
1330,dc4375959ac6,3.603196416,0
1331,432fc7b6119c,33.569029236,1
1332,637dab24bb4c,5.374117068,0
1333,50b68d6579b0,4.042935197,0
1334,9aa14d633db8,1.548684587,1
1335,83a070f898a5,5.105516935,1
1336,a04f132c7c93,12.679609565,0
1337,56a246745588,28.060307817,0
1338,56e8a78398f8,8.366137565,0
1339,12493c7ddcd2,2.910530256,0
1340,a207c35d8417,4.695983704,1
1341,786c28aa6ffd,2.192416695,1
1342,bdfe6f4d712b,4.834673745,0
1343,38732f34e810,9.699717463,0
1344,e22e9c22f92b,15.109444709,1
1345,9841a2c0f9b4,3.784851271,0
1346,9743ec40fd61,3.811887281,0
1347,d58c3f0ac296,8.663691625,1
1348,0bb0e5830593,6.448192852,1
1349,9438623106d0,4.988862425,1
1350,0c77ed341492,16.96047146,0
1351,8ff02e119c08,6.63113924,1
1352,9511fd971a09,13.243651541,0
1353,588c9a94ec7f,22.753721881,0
1354,44719f84a7bc,0.6387125027,0
1355,23e8b0175874,16.89684204,0
1356,c2e27e07a388,24.771189009,0
1357,4772641f101b,37.890329456,0
1358,eaa26b14ca25,2.153464008,1
1359,85db85ffd058,9.761304358,1
1360,720499c11059,8.816941363,1
1361,c93376f2d67d,119.487949049,0
1362,9dddde7e9531,7.216980714,0
1363,6b9831220211,46.758580833,0
1364,b53f850b2560,0.459912733,1
1365,b764ecdc8884,5.096383561,1
1366,fe5da2534071,0.5130403028,1
1367,b92ee2af0e07,9.515976293,1
1368,bc73db501c58,3.826735763,0
1369,8fc27533fb0a,10.628219003,1
1370,bcf1b6a7a986,11.315364155,1
1371,7f65343d66cd,4.339661826,0
1372,10bb64fa1d28,4.149862316,0
1373,277c784b3535,119.760184738,0
1374,665e392864c3,8.188774877,1
1375,a954dd148bce,5.096361501,1
1376,dfb4c549635d,2.411249279,0
1377,615ddb10679b,7.574758381,0
1378,d21a8ac4ba64,17.059242232,1
1379,da6f09abbb21,2.072367769,1
1380,11affab128f1,3.564037102,1
1381,1dc43dab243e,11.703124553,1
1382,1242b9443650,10.900235758,1
1383,81402ca50600,6.106645451,0
1384,9ed477a57b1c,5.146293333,1
1385,2bbf50bec57a,14.930979187,1
1386,9fc19ecb4bc1,1.293739933,1
1387,f8bab550d431,15.492904513,0
1388,bd6b400c9607,52.361922377,0
1389,5973ede00eaa,1.706200878,0
1390,231a19b7c156,7.440375649,1
1391,62fb418140a7,3.320043803,1
1392,85f018871cac,7.883797269,1
1393,c58a755918d6,5.756985413,1
1394,34fb1c72bc97,5.099776649,1
1395,e27eba55b301,47.513079199,0
1396,07e1906a4c41,0.214112784,1
1397,81e649b6fcfd,13.588359249,0
1398,b5ead33b1903,5.47079899,0
1399,7238f89a5fe9,298.031129773,0
1400,f823fb68d143,10.366663745,0
1401,75717d178c38,4.56934201,1
1402,66a7a5807c31,3.932857026,1
1403,78168d2921f8,5.412612741,1
1404,19f5406e3280,15.921927233,0
1405,0f2cb44170f4,4.493098994,0
1406,f1685903c1db,8.452622339,1
1407,69109a01a2ee,4.633611071,0
1408,bd97cb3399e2,1.401963675,0
1409,b5c8764bfa66,12.876687905,1
1410,f9704f168c6d,8.931451495,1
1411,53532b16dcf4,20.196953428,0
1412,675bfbd015a4,27.334429574,1
1413,aee050590a50,0.4531609842,1
1414,0dfcebf485c2,3.604027164,1
1415,7d17cf0b2ec8,17.857043751,0
1416,66d8d848ebc3,11.725027097,0
1417,1110ad464b46,27.889315576,1
1418,da1cbef6ef23,4.68757824,0
1419,454f6d6b53d3,1.471527839,1
1420,da162cc722f9,12.666276573,1
1421,130fb9040d57,16.746607955,1
1422,6782b928b930,4.399667024,1
1423,99b00594fa3a,2.51585858,0
1424,5e6a68690ab4,8.38717511,1
1425,467890763534,3.506588001,1
1426,9b46e28a085a,8.888795637,0
1427,63889351c5e1,91.156961989,1
1428,0fcfb0d3bee2,23.127912882,1
1429,a2a4f4149655,48.98486836,1
1430,463fb6c9c0b1,0.8744676439,0
1431,6f0adb33aa49,7.659051738,1
1432,04426339e55d,12.314548823,1
1433,00e005b31402,14.341366069,1
1434,bb5df7e3650e,5.654894166,0
1435,899fd5170389,13.925386337,0
1436,5af8ed855a9a,0.09142197326,0
1437,9f982ef691ce,5.176471949,0
1438,01a0123885eb,11.958363872,1
1439,d0ea28283d46,5.56375401,1
1440,7ac9f0e12937,7.373882175,1
1441,35cd319dc9c2,6.247337911,0
1442,9398eeeddc58,1.763836389,0
1443,e719f90cfd4e,6.790219312,1
1444,ca81f29fc3a5,3.559635685,1
1445,6777d66cdceb,13.675393622,1
1446,c3cf206e8d4e,57.306429812,0
1447,6a5239a2f3d8,1.25709916,1
1448,8c30b8822f41,16.732592538,1
1449,f60dfcd2ab5b,6.991302037,1
1450,66f7336802f0,4.108503673,0
1451,5f5bb9e19f9e,5.142898705,1
1452,3a1a32237d8a,15.870165456,1
1453,2ecda2b2aa5b,17.167266676,0
1454,13b7994fae93,1.55955744,1
1455,94f136bbfce5,24.395629494,1
1456,282b18d20c18,1.739904876,1
1457,07e764fd799c,9.709070184,0
1458,cb996bd82d2e,12.564957342,0
1459,96abafeb1e03,234.432376398,0
1460,19c91ccab2d7,3.288067738,1
1461,58b2a9b0827f,2.291705376,0
1462,efd2f8591516,1.726522048,1
1463,24d6038cc898,2.807714948,0
1464,4f668734437e,17.057716689,1
1465,0400a268c465,25.300091939,0
1466,9ec692832c65,5.515386787,1
1467,f8dac5886c65,8.259451739,0
1468,082f83a7e6a0,12.942360677,0
1469,2defec47c201,4.9665214,1
1470,4f0cdb4a5c36,9.806029991,0
1471,ab94a3c3e98d,104.267254928,0
1472,b8d9d022f3c6,18.214782802,0
1473,e23d890345b1,6.160199667,0
1474,013c5936f294,6.954165906,1
1475,c94bd2c3aa6c,4.557235008,1
1476,2d087552bf9d,18.584471439,0
1477,a007a0f2c0d2,0.7322667889,1
1478,c53a4020a320,8.267278301,0
1479,0a572528c695,7.362360638,1
1480,d61b2487b48b,5.691628813,1
1481,42783fb66764,29.66574588,0
1482,989b89c4d2d7,1.213586358,1
1483,fecb203bd177,76.190513876,0
1484,f4b32629772f,15.731819137,0
1485,73410b280868,75.77402169,0
1486,c4bbd239f8a2,5.97652199,1
1487,e4ea9c1f93cf,1.376763052,1
1488,ec76c1111dcd,4.453474372,0
1489,213f6505c6c2,13.86957637,1
1490,ebb9b72d301d,4.543431095,1
1491,3247472dd4d6,6.458580704,1
1492,ee4f8781fe28,8.358868309,1
1493,0d9a5484f79e,22.78146695,1
1494,a09f77cd158f,0.3654834683,1
1495,0df941cb1536,3.688305801,1
1496,97311f3c6df3,16.073363508,1
1497,728f1a293713,4.055745006,1
1498,8a7a42266d60,54.237297373,1
1499,0d4112730fb1,3.143845035,0
1500,5c64a76f031b,4.063647561,1
1501,6c72d224e33b,0.2010284956,0
1502,4f35c4b61140,7.832676172,0
1503,fa0cb0b93e1b,23.163711763,1
1504,d890e9a90c11,35.503722327,1
1505,202f269c110d,14.939595736,0
1506,1c9181753d4b,6.141254356,1
1507,900149c65f11,4.333050957,0
1508,80408427bf40,41.790035293,1
1509,9ed5ef1679a0,40.778303484,1
1510,f0143c0f7af3,4.221561247,1
1511,4e55276e2b00,5.899303052,1
1512,e8f4e8455a29,5.695326751,0
1513,35444bace328,2.526151503,1
1514,0baf124b9c5e,7.036139984,1
1515,4d508bf11621,0.2163006742,0
1516,7be8fe20e29b,239.708473812,0
1517,3f7d91959faa,6.109671996,1
1518,483081937fa8,3.177860741,1
1519,cdd6a6b97c3e,0.8053114143,1
1520,f5fcd155b5f5,5.257523475,1
1521,033f42d8a29e,4.895174175,1
1522,feeb4bc4b817,1.104438989,1
1523,5119b118f91d,6.604095251,1
1524,3849ba084da2,0.3722089646,0
1525,3477779135b4,5.333559156,1
1526,6d5dd1850a06,0.7796278929,1
1527,1ace05ce0268,24.224007493,1
1528,8f3b8bb1d60c,3.738174695,1
1529,000725697278,21.17113458,0
1530,c1831b913ab3,6.531259874,0
1531,1010859799ff,29.988838829,1
1532,903636810604,2.189977057,1
1533,a0b57f287242,9.643040622,1
1534,549a2fac47d7,70.790128306,0
1535,c9ec8e96c078,2.551878243,1
1536,4f8666bd2f53,4035.268876807,0
1537,97a6d21df7c5,33.792251101,1
1538,8db8db7b9b42,18.99975294,1
1539,2210083ac9e0,514.88675289,0
1540,8c5fc74b3dad,56.948170242,0
1541,b8a3a094fb6d,5.447870108,1
1542,72a025714561,7.228822587,1
1543,87c7e6409c64,9.264678249,1
1544,cc75708c0b61,20.12950993,0
1545,0431d3bd4125,18.037301542,0
1546,d49133efd385,1568.432632561,0
1547,8a770a51ff3f,7.622568974,1
1548,7f0b894b55a8,32.749514866,0
1549,a20a2b7bb084,13.092587036,1
1550,9e8a2a741363,7.469166361,1
1551,da780feb252d,2.162188053,0
1552,c96094ff9f6c,7.930824421,1
1553,a291838ef379,70.32919481,0
1554,d6090e80b249,4.635577276,1
1555,039c20eb5f8b,12.052625476,0
1556,4fbe32f6dfe4,0.9345176651,1
1557,6ef173bb0d5d,6.179985299,1
1558,c313a7f2769e,6.878149792,1
1559,788d97a253ea,1.393107025,1
1560,5bd6c4ca809c,6.070584145,0
1561,544c2da37618,13.451980124,1
1562,85987b1ac4d7,0.8384482207,1
1563,a8972f5f21ff,3.647826401,1
1564,bc7773ef3acb,1.286863813,1
1565,00c08d89fea3,3.494992531,1
1566,27d73d98c36f,1.719961452,1
1567,39a3f33c719f,16.145555989,0
1568,ba1627e0b838,15.615168391,0
1569,ff614a1caf92,4.729220073,0
1570,fb9e8e57e0a1,7.758727092,1
1571,7b2f79f60d8c,9.009779617,0
1572,0346004123b6,11.802286831,0
1573,ca7334a4369b,70.032203183,0
1574,74b2584bb7f2,4.07161481,1
1575,7e431cb8ac2b,6.5091864,1
1576,54acfb6af568,5.384905224,0
1577,64ee62621a64,10.006734416,1
1578,2326e4d25774,2.345714065,1
1579,c8a3fdb7844b,3.387231973,1
1580,cda7fa77ee13,11.769430661,0
1581,8240d223ef8e,442.31224115,0
1582,6a3bc2a7df56,7.214621746,1
1583,3345e449faeb,27.225926794,0
1584,a3b17f727233,7.025923962,1
1585,b66a7baff55a,11.035484247,0
1586,9daf855b1ccb,0.8088300158,0
1587,f87d55b553de,1.012725893,1
1588,cb7e29706787,26.668067758,0
1589,3c6e8808c22a,9.356739946,1
1590,d04adebdef02,3.998340136,0
1591,1e61da9318ad,52.454679661,1
1592,fbc2df761a47,14.322544947,1
1593,6a508b2eca69,23.009498747,1
1594,243116357ded,0.6323481537,1
1595,ee2b2a2fa011,3.441276775,1
1596,176c4091a251,8.616837057,0
1597,aad67d5ee256,5.308263725,0
1598,4b151ac9eb9a,28.749192928,0
1599,60776b78d776,3.608166504,1
1600,685d22ae4cc3,14.075695698,1
1601,2c0c3df72807,3.14654208,1
1602,91b8ade6fa60,5.318157598,0
1603,e7c46013c81f,3.961920632,1
1604,445553f40763,25.388131117,0
1605,00ad7e2e78ec,4.263995776,1
1606,ad59c85b2e5f,8.196082118,1
1607,3f0532be0ac3,9.070312157,0
1608,c6bf1113e45c,28.217529498,0
1609,d12f75a77fe0,4.987894294,0
1610,38307094d613,7.12999787,0
1611,2cadb59a464a,4.196276383,1
1612,66e2b63c38c5,3.000885071,0
1613,c431efa3667e,1.706916885,0
1614,bd4dc96075e2,0.5358451426,0
1615,ba733a2bc3ef,1.678852188,1
1616,e8844de80dd5,24.749047509,0
1617,a3e5a77666ab,3.305399263,0
1618,c3b0e51dbfd1,2.715374743,0
1619,f87afe134edc,4.995556646,1
1620,88f79958a438,8.32811975,1
1621,72e3ef7c52cb,9.850920108,0
1622,45eb4f7cbf62,6.3099015,1
1623,94bb4bd3b73a,23.506272743,0
1624,fe9701b3fdd6,4.829505682,1
1625,c8510e576de1,2.104971415,1
1626,2d13ab427ffd,17.659636524,0
1627,518181f12789,14.998267347,1
1628,91a73fd806ab,14.279837015,0
1629,23267fc99b7a,5.102521016,0
1630,24dab559fa0e,2.829771388,1
1631,f2c9a98106fe,5.673623555,1
1632,abf564c67c1a,7.605207699,0
1633,7e97a6525541,8.124643817,0
1634,e29fe6324bfa,3.822478015,0
1635,4bd8de3d0456,160.643460126,0
1636,1ccb8d961c15,6.23365539,1
1637,56cc405eb71a,58.498875788,0
1638,b9649664bb23,6.063404837,1
1639,d2fea184642c,6.577335652,1
1640,69ae75e5fcda,5.450804765,1
1641,f9c2e3ce38c7,5.333459143,1
1642,397ec0cad5a0,4.047358916,1
1643,92703caf944a,0.4257586632,1
1644,39065acbb5c5,6.182571409,1
1645,2d510a41791a,271.31125928,0
1646,6bd19d82fc2f,3.287873652,1
1647,6a1c87b67347,5.969249697,0
1648,a0bd77d0399e,4.003663518,1
1649,213f367b1af0,0.3029124476,1
1650,04bd4bb8b787,2.271211233,1
1651,6468e2292180,0.824881682,1
1652,48ae093b8fec,5.075006428,1
1653,9d47a3e8133d,12.122598978,1
1654,a4aa39050c9d,4.229684425,0
1655,eba5b282a14d,13.954711516,1
1656,75409fb4fcc0,6.396811195,0
1657,315c63791078,12.294504591,0
1658,a7c24c0bcfee,43.881908864,1
1659,f45e340da741,8.123570646,1
1660,97cc7d99c954,31.447501933,1
1661,98dc0608a3ae,0.986650587,1
1662,995d9379aaac,6.816885683,1
1663,0f07881e958c,2.921492185,1
1664,f8ce0c2a9011,2.989247699,0
1665,f3ae19935308,4.294587024,0
1666,ad9024097956,12.457716354,1
1667,28096b238faf,6.932043301,1
1668,6eac02c2ab0d,11.770692834,1
1669,80eb59988d2b,3.423131598,0
1670,c4360e90ba4b,5.542460168,1
1671,f53d104a0391,3.73091468,1
1672,49b5b0231898,2.962675292,0
1673,31eb7c0492d4,1.799544375,1
1674,824bd8704dd8,0.607753475,1
1675,c6ca46cb6d9c,1518.75756479,0
1676,960d4024a41d,1.358287671,0
1677,c2b38d78fe58,10.85465712,0
1678,dd892d61e68e,12.509848057,0
1679,1ade942a8448,2.129998017,1
1680,cdf23ba9ca82,6.16062698,1
1681,ef34effae91f,28.474353554,0
1682,798a28345310,8.279121697,1
1683,592d6a5d1bf8,29.064479699,1
1684,f3b8f36ceb1a,8.166830757,1
1685,27dce682e1ad,1.035390766,1
1686,5f3f3b323de0,0.8773312192,1
1687,156a414d5f4f,12.120044245,1
1688,1d947124999a,53.845010211,0
1689,d0ffa3b8cf4c,2.933391683,1
1690,764dedae61d5,8.516840935,1
1691,d7d239f3db88,7.963815624,0
1692,ab89c903b78e,38.052727677,0
1693,3428b91ca879,6.832421315,0
1694,a62f6d59253d,6.400933476,0
1695,85432a9890aa,4.669409215,1
1696,c2816cd4c92c,7.674939651,1
1697,e3db52a6463d,14.7844653,0
1698,2f9ec5e89378,557.341013159,0
1699,dbaf899fbd96,10.025288705,1
1700,7850e83feab6,6.181101777,1
1701,c0ab0575a663,3.414965479,0
1702,58602458660c,4.183351832,0
1703,913283e66a2c,11.33629242,0
1704,bbdd91b14d4e,12.776298295,1
1705,dee0e46ee9d6,0.122436619,0
1706,b175a0050290,2.401768348,1
1707,66ec45478cdb,9.636824939,1
1708,3c78f6dac9f5,22.835871871,0
1709,7843013a79f1,6.040723779,1
1710,1de5495d95a1,7.8698833,1
1711,06f6cc456bb1,10.277541211,1
1712,169a495eb426,8.552039371,0
1713,72af274646e1,12.11319811,0
1714,4374c519fb76,4.711466608,0
1715,d74c216d2abf,30.257567237,1
1716,b44afbe7df2f,10.013880072,1
1717,e9ca87a20ed2,24.754488077,0
1718,26d72e99775e,0.5073452471,1
1719,2e57ab2001f6,63.569424162,1
1720,3b36150c6323,10.332495951,0
1721,c2ab60ea3e17,69.232611588,0
1722,658f473f2903,1.455553639,1
1723,8cb4e2e95bef,6.866216929,0
1724,0e5275f34e63,1.839217057,1
1725,cbed11257718,2.770665223,0
1726,79a90d80a490,1.210529583,1
1727,6af91aadeb43,5.295070751,1
1728,1a4050a4a05b,12.142662257,0
1729,fc13e8970bd1,6.696029248,1
1730,ee033e6f00ad,5.995095603,0
1731,b50f932fa4b2,5.506224572,1
1732,6e41eb862ee6,1.692267602,1
1733,8c44302256c4,5.103967695,0
1734,a41b6fde8b21,0.03889010165,1
1735,2809dac9ae84,8.615332064,0
1736,0e1a5a785140,54.832733215,1
1737,0b5988ba5721,13.644794574,0
1738,cba1aeb7a72d,0.6316603566,0
1739,4829533b511c,10.410503753,1
1740,ddc0ed1319fe,13.060415693,0
1741,0319f714167d,1.653570907,1
1742,c4ea686facef,3.352863538,1
1743,473be764ccc0,5.209010614,1
1744,a3f19d8bbf50,0.7635548078,1
1745,2f216e1c81eb,10.199716022,1
1746,5e5e79222ba1,584.277713263,0
1747,a29dc99a7700,46.53992429,1
1748,4da14a9a4f86,22.965536048,0
1749,0d8b669dcf9d,4.59696749,1
1750,9fb63c4d328d,0.2022182688,0
1751,812df926876a,6.157002041,1
1752,9f704be9549c,7.642199054,1
1753,0fd7962d14c4,1.188412879,1
1754,5a96962eec8e,7.253592044,1
1755,a4231df40681,6.419404649,1
1756,a3f3ce1a4226,0.70448043,1
1757,54a5ff12a8dd,25.361404636,0
1758,fcd4fd0b9791,37.446974395,0
1759,be797bfcd218,1.292826324,1
1760,c181e9b5dc7b,7.900750518,1
1761,593b0c98270c,27.455093588,0
1762,154d72ced791,1.875798661,1
1763,a0ff9ea48baf,15.92488598,0
1764,af956f342c1c,8.177023242,0
1765,596d0c702ba6,18.011624075,1
1766,0e8cfbcc6331,4.137506743,1
1767,1b070f32e667,8.03021403,1
1768,de74413100cf,4.628131298,1
1769,c36db1cc0e61,0.4000316798,1
1770,218420d4de9c,1.113769575,1
1771,8ba5ef4e282b,14.256756103,1
1772,90ed36beacc4,3.371927239,0
1773,1f1708e153fd,5.014749404,1
1774,17e07e2750f3,10.487097177,0
1775,023a5d902d01,16.78227115,1
1776,93c3947aaf7d,5.90562304,1
1777,da2825603475,11.630957699,1
1778,395e09e946b0,2.257905961,1
1779,c44166cf0582,2.66868618,0
1780,5cf5b8d22fe7,130.292030344,0
1781,bae388c00018,3.646079736,0
1782,907bdcbc11fe,17.546131361,1
1783,3d482755725e,2.947136582,1
1784,437c496b1e80,1.400644306,1
1785,798c5a712ffd,313.710218356,0
1786,8b1b880d1dca,61.321457686,0
1787,5fa6388d5e22,30.957578952,0
1788,77f073880db5,30.150731299,1
1789,0c10a888d247,10.675268286,0
1790,7c62d5d4b438,8.334980135,1
1791,90988a906788,1.013024892,0
1792,98cdff9519c8,0.0622393014,1
1793,b65d4ccbd731,10.557429856,1
1794,35636e715893,1.64516445,1
1795,6864a5cf8519,8.364312963,0
1796,e0ad8c3cc19b,21.17309223,1
1797,260d66f31596,8.988959255,1
1798,cc5295912db2,5.068988668,1
1799,57d117317719,5.376782587,0
1800,8372369bb901,3165.066767314,0
1801,7e051ba37ad4,7.862834024,1
1802,b59b1ce30450,75.995791075,0
1803,5f99883da34c,1.577573875,0
1804,5730cce9a836,15.240375229,1
1805,f7df50fa6de3,10.487538393,1
1806,85724d7fe46b,1.824459944,1
1807,27eb72db5124,4.819077226,1
1808,59ab22523867,1.23470253,1
1809,9f54f400f518,6.749450958,1
1810,a4348ab4a7bf,5.693360228,1
1811,41170717bdca,17.625436226,1
1812,b9cc85845b21,3.267694974,1
1813,3eedbbb6b0d7,7.750732528,1
1814,9f9093973314,3.750092612,0
1815,d20def23786c,22.880030432,1
1816,7d802a5c57e7,14.040953069,1
1817,201b37af734f,1.725025756,1
1818,80f169e57e94,79.859969752,0
1819,70f0e8487736,2.49253761,1
1820,07816df1ab98,3.410190632,1
1821,71d800767c7f,6.262917564,0
1822,801aaa199f10,18.14191362,0
1823,3510a92fc7dd,6.106868048,1
1824,52f3bf8a3187,3.563910588,0
1825,ba58c12b47e4,6.471533214,1
1826,4f6a9f395084,0.6579688451,1
1827,9658b3af7f69,6.063987134,1
1828,ff54ce7f9bf6,8.034464228,1
1829,0d835ef99b2f,5.152570269,1
1830,f54ff4900bfc,10.937040822,0
1831,7ec1018604b5,11.101141823,0
1832,cac740f29742,8.105857013,1
1833,efddc0f5b3b7,6.181669579,1
1834,4e30a813b12a,5.477244591,0
1835,687b0d44610f,30.39277946,1
1836,b5018d2b1846,4.043467304,0
1837,23cdd018d515,10.490124507,0
1838,9862c778f98d,4.096953652,0
1839,fd4d18552b5b,10.845083849,1
1840,6c99cbaa2778,9.722560875,0
1841,c0bfc4af02d8,41.055354934,1
1842,407cf7b85ff6,5.216691528,0
1843,e964bfee919e,8.127332825,0
1844,ff2ff06d882c,4.860815553,1
1845,9c8f3bc73a25,19.860000042,0
1846,141dc5ae59a8,1.630109801,1
1847,4162e4a359ba,5.995996753,1
1848,23147de99973,8.338097174,1
1849,b10fd0da0efc,68.828085539,0
1850,b38c5c5e7430,4.047135063,0
1851,ea8d207c4ab9,12.023650799,1
1852,c3ff1cd04866,19.708612191,0
1853,a654e3581d9b,5.02729186,1
1854,86853ece4e2c,4.723954086,1
1855,6f4bbb0cf703,4.597355705,0
1856,ac2e0b4e3cea,3.57961777,0
1857,4860fb4eca2b,0.5816461023,1
1858,386870509dc7,7.048802068,0
1859,e4e1f3095d35,16.979769685,1
1860,177a803c89cf,1386.667162673,0
1861,6db329fe658b,9.27739216,0
1862,b72aadf439ac,0.04549484647,0
1863,885a1ff0cbf9,8.112072781,0
1864,d02af9b90375,11.863979571,1
1865,1412f99c5f04,6.208678509,1
1866,5a39335b3529,1.155626465,0
1867,bf5daf10409b,17.876453769,0
1868,c15195e527aa,0.4262515307,1
1869,db1a7ebf3727,26.964553761,0
1870,4d556e7f69a9,9.453768707,0
1871,8b6463c3d8bf,3.353531592,0
1872,f30c80f183c3,310.432760852,0
1873,293732069e4d,3.722445448,1
1874,0bf85f8f318b,2.203857633,1
1875,294cd5558aed,10.016669087,1
1876,282067dc0a5d,416.541829837,0
1877,25762f360480,0.9830764551,1
1878,862952ddccaf,12.10266456,1
1879,b224bda23846,0.3948894145,1
1880,8a164487583b,2.372317337,0
1881,c9916ca5880d,0.406717436,0
1882,6a3c33a09bee,2.294374038,1
1883,e17093b750f4,0.1335456021,0
1884,6020de3a4997,0.6844692855,1
1885,65d32dc5e398,14.723673279,0
1886,fde7774baecc,10.097082761,0
1887,442681fdbda1,11.176355376,1
1888,e993b985dfda,1.918793022,1
1889,19f97769ca89,153.378432818,1
1890,44359e96d069,1.843604133,1
1891,54e8c1fe7150,53.620745395,1
1892,cb7f82dc3ddf,11.041594951,1
1893,679e7aaf2604,1.124406429,1
1894,8b3b888b566d,38.349900884,0
1895,9435e5349e58,8.102589681,1
1896,3cb5588f8763,18.92806364,1
1897,069d0311d731,488.045805276,0
1898,ae92ca1ecdbf,15.925449164,1
1899,cf115dcd0d1b,7.811823053,1
1900,86e302bd6517,2.175217018,0
1901,e9a73389bd39,5.814209188,1
1902,63803285b8e1,8.45860943,1
1903,ddc10a5906f8,7.095566032,1
1904,725fdc765978,2.931256178,1
1905,836abc7e55d9,3.016153071,1
1906,03214801f88d,4.092789708,1
1907,91131ce71b38,61.033765457,0
1908,b57f921a6361,17.029304851,0
1909,76bae15e8ae9,2.390961954,1
1910,a89d6642c31c,1.85862259,1
1911,b2cc86ae48fd,16.845346518,0
1912,3f39e30f7ea3,338.294007794,0
1913,8effbbe6aa35,4.594228449,1
1914,950f6d7998df,68.664609207,0
1915,c0ab51aef50c,2.825110966,1
1916,f200bd2822a0,3.317045997,1
1917,adb9f7d3adbe,10.478257015,1
1918,c6f5c46f9e3d,9.801194355,1
1919,0e3de9e49647,5.815183049,1
1920,8f9513f7e773,6.703281844,1
1921,9815d856f72a,9.646859125,1
1922,b26f2fdfb616,0.9038718338,1
1923,8b3ce9188d5a,8.324245087,1
1924,a6c640023cd6,2.942608565,1
1925,95a9d432d043,10.339191115,0
1926,a2541e84e912,3.497293236,1
1927,b5a06de73f4b,0.3344836215,1
1928,1bafb9304163,2.029639337,1
1929,319810a1d512,59.53489806,0
1930,9bd5fffa3cff,3.031830641,1
1931,38f03c2fffbe,2.715038263,1
1932,2c33b7dd8542,3.62084223,1
1933,0f31c318c80a,36.089846175,1
1934,de3daca6a937,2.947842228,1
1935,2d3f2d14c058,10.51791993,0
1936,174276bb19cc,8.894560264,0
1937,bbb27e28714e,273.088928052,0
1938,4ad4a5575a45,8.58105041,0
1939,9c778f3da905,61.250976509,0
1940,a64332fe1df1,11.399226471,1
1941,505a0744d613,4.20148694,0
1942,3dc6664cbe8b,30.198302233,1
1943,fe1ab9b975aa,431.836229461,0
1944,6d8baaaff9a8,323.219537363,0
1945,cfb2cab4860b,4.773145152,1
1946,e9d079d2b478,1.895601899,0
1947,4236ab41c606,200.758132947,0
1948,bb6723f86f9a,48.382884709,0
1949,ad63ae7e9977,5.707759977,0
1950,4e18691e087b,10.753671037,0
1951,0192f0f7cc19,3.316393044,1
1952,59933d776452,8.223679022,1
1953,6106ed9c65a2,4.800824173,1
1954,19febac2c341,7.227508895,1
1955,96ff6611ed59,46.769484107,0
1956,11fc9a680f21,5.48985448,0
1957,a6ebcb693e61,9.98284207,1
1958,3045ad039274,0.8739663382,1
1959,5569a8a3617b,7.386126656,0
1960,ef5944bed216,1.21352677,1
1961,bae9aa4081f8,7.735346804,1
1962,5344c4110f48,11.952476906,0
1963,9160bec81d69,5.943829326,0
1964,e609d533127c,2.784885026,1
1965,e4232498d7ce,4.875011485,0
1966,ec7b8098875c,2.64235037,0
1967,f963ae8dced6,0.6705666026,1
1968,6f1f5bf42259,22.969963088,0
1969,87f2a0a14be5,4.411776195,1
1970,e62117f7b8d2,6.887378238,0
1971,3a6e2b22591e,1.685633058,1
1972,165887dcba35,7.35481625,0
1973,7fb8baac6d4d,2.484388825,0
1974,e05e1450ded4,3.124702326,1
1975,04150f2d5883,4.675694624,0
1976,50493044f3c1,13.248713101,0
1977,92e939f8447b,3.21699116,1
1978,2356116e39ad,5.841554237,1
1979,3bd625f07792,67.285382519,1
1980,149eb482bd4b,232.517399349,0
1981,0113457f750c,41.637025084,0
1982,d1821593bed0,23.450551653,1
1983,0892c6a7aab4,9.557871275,1
1984,496340ac7821,2.2197354,1
1985,26e2a5ca39aa,8.543727113,0
1986,b95ca3eac805,1.736117295,1
1987,6f2af87395c4,4.488847099,1
1988,b28a999c0fba,17.030533555,0
1989,3d2e0eb68bb1,23.390458917,1
1990,bbdb6e561700,3.927058428,0
1991,18fb42c6b3e2,3.807620271,0
1992,7a59584682ba,6.932955197,1
1993,b46ebd04f531,70.45818501,0
1994,a879f98b2a6f,6.004955858,1
1995,8e736664e4aa,1.793332891,1
1996,36ed0cb851bc,22.182487263,0
1997,5f1fe1c69d9c,8.187427692,1
1998,c094d2575323,8.629651598,1
1999,9cb6b1104c25,17.888502667,1
2000,89095a011e3c,18.91100563,0
2001,4ede76d3a446,14.45689817,1
2002,d5317bcfe9d0,32.024145794,0
2003,bb9d66043f7c,4.210712808,1
2004,aa350cd9c859,14.597938965,1
2005,d8abc8c5d91d,5.445606096,1
2006,fa13c4a8367b,214.699618227,0
2007,e98e59e931d5,1.148863826,1
2008,62594e910107,409.512088419,0
2009,02fb2dffd171,16.637476118,0
2010,9dc3c205c955,7.170901694,1
2011,535cd5e92fb7,2.055126862,0
2012,e67c2b4f0c8f,6.182939494,0
2013,0ce9b5b728b4,0.3241002746,1
2014,8318c6586ef3,12.155923652,0
2015,014e9fb03ec3,10.444286214,0
2016,277db1a67434,9.74202609,1
2017,824823867acb,17.0449951,0
2018,a167ca1b5bdc,7.332344835,0
2019,e8d5edae60cf,6.309298779,0
2020,9a4586b03786,0.06957856727,0
2021,73ad46f67b09,41.816248515,1
2022,0d4f8c132a83,11.535903549,1
2023,34e3f0694a87,4.958403349,1
2024,715e8d519610,7.207826876,1
2025,c30714026aa3,12.618480026,0
2026,0e51b8c46864,7.454794161,1
2027,a5a3a2e066ed,5.962928218,1
2028,9ed614721c31,13.387590061,0
2029,cdb046b0a82c,14.852888313,0
2030,4eef66874e5a,0.7293728154,1
2031,010e171b58be,5.000374071,0
2032,c7e17652d255,31.940000062,0
2033,e415fa4e3cee,3.520084103,1
2034,56064aa38f88,4.491154076,1
2035,98493e8553f8,9.723321295,0
2036,a1af79fbc6f1,3.034535035,0
2037,0fc0c0f3150a,105.406373956,0
2038,2e99a1f37adb,21.661954263,1
2039,d45b49a5c408,5.587267571,0
2040,ce4587bfc7a4,36.885952822,0
2041,a86683cf4dd9,6.98091138,0
2042,acfee9c442be,5.648012104,1
2043,28f2938a9ca2,5.419271457,0
2044,d72626803e61,9.936302085,1
2045,c42b889c9b09,16.860865597,0
2046,fc1d0cd2fc71,141.324446947,0
2047,b9f617d77667,11.166607992,0
2048,2e3df4c97bed,39.625253586,0
2049,757a956a85fe,3.884935782,1
2050,c1c182347e49,722.044440703,0
2051,4935c8501194,10.561206156,1
2052,c50c4d67ba85,9.338405233,0
2053,32502c3ae072,0.2378778019,1
2054,a548d201d69c,2.180251818,1
2055,b43a0433ebcd,2.248241315,1
2056,e0929b1087c1,8.068554411,1
2057,5c308ef1a080,7.614948836,0
2058,c3e3545fb59e,12.835121545,1
2059,e8b4773f260d,5.501297319,0
2060,96dfdb0e696f,8.327704218,1
2061,91f0092e4068,168.492426194,0
2062,012d3b018a1c,10.198167248,1
2063,3635555f3d35,6.208512798,1
2064,8e1f192fe25a,9.900612688,1
2065,11c9978abd32,17.69454432,0
2066,6ac0949dfc3d,2.974097543,0
2067,360a93c2ff75,46.571690966,1
2068,ba44f0535bd5,5.639968198,1
2069,7b96dd00f7e1,11.108995661,0
2070,980d62c61247,6.218754449,1
2071,4459b2909cef,0.2336933914,1
2072,a9a0b0986b33,8.070385649,1
2073,d6d824abba4a,9612.297178916,0
2074,1b9f6f19b08a,20.779723853,0
2075,a4b6a6e952de,9.06126233,0
2076,947d856b880b,7.879326678,1
2077,de3d0af8236f,11.105295423,0
2078,aeda27270ccb,9.150646684,1
2079,fae26219b0f6,0.9994807523,1
2080,49a2c59db906,9.948752647,0
2081,ab753049cde6,1.893593655,1
2082,e781b2c55b7d,13.478950925,0
2083,620176854256,29.635776156,0
2084,4f5c27f8f068,10.132620344,1
2085,4c61a70becbc,6.563758561,1
2086,1afc2e0024a4,11.778400279,1
2087,17eb8859aab8,17.783209326,0
2088,266b82102da4,4.427730716,1
2089,0c0a866d236e,683.066143221,0
2090,7532fc4fba55,5.894179482,1
2091,444533a70844,295.16389399,0
2092,fd04adb49c21,148.03948337,0
2093,418001574db2,6.205428816,1
2094,d8d851022fbb,3.321907625,1
2095,62e66f3e9936,112.566095387,0
2096,8bc2a1f3a6b8,342.381516812,0
2097,7bdc9e5cb895,1.856896239,0
2098,dd8faa546b20,5.747071472,0
2099,6cb190544c58,147.947753554,1
2100,fa344904875f,4.336179209,0
2101,4023f322ac7a,2.620228609,1
2102,657fa6d81637,3.361155625,1
2103,187380934090,7.950666232,1
2104,ecc4ba55675b,5.95779745,1
2105,7edbff0f64f6,16.174970412,0
2106,b191d203978d,1.733034983,1
2107,149d1befe766,2.135336241,0
2108,3810958e93e8,8.372930307,0
2109,4ca3d61cc31f,70.500151977,0
2110,c6b0026f2209,20.838285529,1
2111,75bae64a11d6,33.742370929,0
2112,d34ac6357fc0,5.628119807,1
2113,db91b5893a03,20.924229202,1
2114,dd0b50aff9b5,203.537458695,0
2115,c096cef28cfc,2.733967464,1
2116,e988d44433f8,18.598069279,1
2117,052dcdcf2185,5.126636356,0
2118,3392b68c878a,11.149848577,1
2119,e31aade2d1ae,2.645715291,0
2120,0b7c17df5c93,63.638655974,0
2121,669d78cacaec,87.232541053,0
2122,d45bb1e77b35,5.704906479,1
2123,e76033e8f5cf,3.001320507,1
2124,f2bf58e54f66,2.862854848,1
2125,37497c2c7134,14.129269059,0
2126,9da4bc182d75,1.91425566,1
2127,d6cc41651e14,1.15607445,0
2128,b37bb790714e,18.425664971,0
2129,4254f0a814c9,11.907342196,0
2130,545c0551165b,0.8518332926,1
2131,4b61ebd2a704,2.505496827,0
2132,6e81c28f0eaa,10.744893785,0
2133,95ce2ca4f8bc,4.342798623,1
2134,928c88cd245c,2.058667752,1
2135,681cbd9af3ec,6.854782535,1
2136,fdf281e54f00,38.434765646,1
2137,71eb1f3265bc,147.082677326,0
2138,3cb5dde9e392,8.225268379,0
2139,cb0ae19b11fe,5.453609324,1
2140,fe9867174ca9,26.67006964,0
2141,30b5bba1ad74,2.967376708,0
2142,d5b8952d8539,2.01488985,1
2143,26a872e4a997,10.9074083,1
2144,6058ce19ef73,14.430824224,1
2145,5fc3d9b7fa01,19.342250336,0
2146,09dce806c966,1.090015948,0
2147,4ec00b9df6bd,3.422984265,1
2148,88d1b784dd23,25.471798052,0
2149,05d6627dfb3d,4.465242472,1
2150,708bb99b2615,3.701022125,1
2151,72c023fe49ed,6.465810522,1
2152,b68c4830cc9e,73.678253805,0
2153,05efc2642012,10.266351127,0
2154,ab6bb4584e99,2.998706949,1
2155,cc2632d8e992,7.758575688,0
2156,ae9dd7c4d1d6,39.375745086,1
2157,b2eaa05bb7f7,6.141325198,1
2158,49be3d65743d,4.12828457,1
2159,0d423ea809dc,7.666133462,0
2160,9e16e77da19f,7.303226098,0
2161,867da2c18862,11.976614185,0
2162,376efbf400be,5.328183653,0
2163,3802a8d0f0fd,4.004822702,0
2164,9a4a675dbeb6,233.692864157,0
2165,76e861eddebb,5.101340986,1
2166,bc7509624797,11.284623998,1
2167,e6f04561c7ee,22.627451627,1
2168,5b60c73478cc,5.564357532,0
2169,ee006519acf5,11.174951279,0
2170,1869d694223e,10.748048452,0
2171,466e34f3a4b3,24.186224197,1
2172,183b7379e449,6.004037544,1
2173,ca0dbd1c69fe,9.931126983,0
2174,8c8bf323b8b0,4.018046527,1
2175,97938e420cb1,10.297864709,0
2176,7e162e2951e5,4.985086585,1
2177,8a5843f7df35,14.895892682,1
2178,74ac6b844cae,6.503926579,1
2179,95007f9df58e,23.32362116,0
2180,f183eabf7a14,15.73610306,0
2181,c230f6b770df,6.819937602,0
2182,98c173532449,3.780783189,1
2183,d38e2c5cca8a,5.775634328,1
2184,526c34f80d9f,5.078284966,1
2185,2876370ec5a4,2.655695629,1
2186,48c91416b553,6.963512648,1
2187,cbd02d97b073,20.309502747,0
2188,9ee3c6888ba5,18.586858472,1
2189,50825d7e9707,2.92817098,1
2190,9bd14290be74,19.854018686,0
2191,280e7a637bb8,5.913494239,1
2192,be8832f2edda,17.275100495,1
2193,2450cdf3050a,7.205112651,0
2194,4d01a3dbd011,4.632870253,1
2195,9d9c69944190,2.876639041,1
2196,1d6f777772c6,10.272132303,0
2197,7fc8b20b4ec5,7.094234271,1
2198,deba08a7c572,3.484402046,1
2199,61d6f7bae7ee,5.346595959,0
2200,7d28809654c9,3.00079294,1
2201,af7707c5ea70,8.995419211,1
2202,5be2dab0d327,11.438577134,1
2203,c8fe9f98ea95,2.343248309,1
2204,fcf15d230a8e,11.453611597,0
2205,c63196444cdd,4.795216828,0
2206,bcce03f625c2,59.924864821,1
2207,255ac64f2a9b,2.809630333,1
2208,6e0d838e45fb,6.385563697,1
2209,24868390a289,7.763450156,1
2210,ed6dea48048c,4.672699676,1
2211,baac73fe7ac3,2.115961101,1
2212,0b35b06a2277,6.675487411,1
2213,1ff1f0a2e164,10.50722291,1
2214,de540e6ab33a,7.08934858,1
2215,352a4f750446,3.119704196,1
2216,6962fee25443,1.84784214,1
2217,17dc3303cd10,5.638247624,1
2218,087741e65b10,1458.89830302,0
2219,8e026249d6e1,3.128520781,1
2220,c28c7d9c611c,82.132467318,0
2221,af2e308510a2,0.4760886682,1
2222,51e681141116,106.415627612,1
2223,6b75fb8f8fe2,134.232246392,1
2224,d6fe2ec0f10e,8.148691521,1
2225,5de9e30668dd,3.985772279,0
2226,74aa486106a1,1.788033695,0
2227,23c711c9f6e6,13.760180172,0
2228,573cbae20c43,10.056347203,1
2229,5492da8979de,6.243918196,1
2230,ed0e0dc14d8d,2.326080633,1
2231,b505fa10b373,12.292862519,1
2232,8c69eefde847,3.425917973,1
2233,68722dedde84,6.980209921,1
2234,7b6afe7d6951,7.040996912,0
2235,65f6f87fdeeb,8.167861668,1
2236,8efb3a60255d,24.479933455,1
2237,bda5459a0e26,1.049749584,1
2238,47ed9272d9dd,12.087495928,0
2239,94838f458b4b,0.3532749374,1
2240,9bc7684b0d1c,39.820007297,1
2241,61c554af9e42,2.326729959,1
2242,7695e0f35f09,2.982104604,1
2243,8ed4aa04a790,81.191995969,0
2244,f68c7a5a728d,2.256347299,1
2245,ae0f09ceb07d,7.994288181,0
2246,c08a1a268495,25.210371297,0
2247,6feb81d149ba,28.8446437,0
2248,6a287a1078c0,13.950356735,1
2249,6323d05e3f67,1.426097319,1
2250,9bb8a535ad2a,31.467421346,0
2251,40f7d7a8437b,5.438826504,0
2252,14ff3085b774,1.769949677,1
2253,23e5ea1e37f7,26.621552508,0
2254,87fa51dda4d5,0.9699137123,0
2255,8789c510828e,470.241098981,0
2256,36cf3dcb5970,3.094750764,1
2257,110e600290fd,11.081644824,0
2258,04bf2867f7e7,14.212982833,0
2259,3c498fdd0fc9,19.300014971,1
2260,57fe59894c61,10.749179794,0
2261,a2f4daa4e96b,4.075596891,1
2262,cfeb395f2632,3.232065023,0
2263,b7108b4935fb,5.051028054,0
2264,27e17b83d7f6,6.438595094,1
2265,24dc9bebea86,3.538970814,0
2266,8cd110accd35,13.41431181,1
2267,3cb694aa163e,5.424393042,1
2268,ae4fa0741e7e,13.897177181,0
2269,f11a7d64cc02,2.435696128,0
2270,caf5e102fd83,101.854391435,0
2271,1a7572f99567,8.825953266,0
2272,6a551776eead,0.1992675982,0
2273,25e52144d4b6,11.45702789,0
2274,4132596292ae,4.167107991,0
2275,2b910668f6f9,0.7595171239,1
2276,14bc33c0f01c,2.780089607,1
2277,231e1795409f,1.341409792,1
2278,f678e05558a5,30.621988821,0
2279,f2adb094d48c,10.732081783,1
2280,bde904327006,238.67054637,0
