,source,dest,weight
0,00238fee2b4c,1ccb8d961c15,1
1,00238fee2b4c,418001574db2,1
2,00238fee2b4c,af7707c5ea70,2
3,00238fee2b4c,b870082ba75d,1
4,00238fee2b4c,e0688b1a2f32,1
5,004cdd85f55a,476d2c8a91fa,1
6,004cdd85f55a,bae73c074541,1
7,00c08d89fea3,00e2c609b433,1
8,00c08d89fea3,033f42d8a29e,1
9,00e2c609b433,00238fee2b4c,1
10,00e2c609b433,033f42d8a29e,4
11,00e2c609b433,213f6505c6c2,9
12,00e2c609b433,277db1a67434,1
13,00e2c609b433,35444bace328,1
14,00e2c609b433,5e8a21ead848,2
15,00e2c609b433,817944c9c685,1
16,00e2c609b433,d0c9e369bee2,8
17,00e2c609b433,d15eff82084c,1
18,00e2c609b433,e7f10ccd4852,2
19,00e2c609b433,ecc4ba55675b,1
20,012d3b018a1c,294cd5558aed,2
21,012d3b018a1c,d511b5d46902,1
22,012d3b018a1c,e4e1f3095d35,2
23,0192f0f7cc19,4a340903a906,2
24,01a0123885eb,1acc01f346b3,1
25,01a0123885eb,596d0c702ba6,1
26,01a0123885eb,6bcaea988250,1
27,01ee1fa3f6f6,38307094d613,1
28,01ee1fa3f6f6,49b5b0231898,1
29,020d5ea1a53e,1f1708e153fd,1
30,020d5ea1a53e,26a872e4a997,1
31,020d5ea1a53e,2f30ec3c0bf3,1
32,020d5ea1a53e,3b8a97e5d597,1
33,020d5ea1a53e,798ddaf4f9cb,4
34,020d5ea1a53e,d24459bdb4bd,1
35,02ef16a6c394,277db1a67434,1
36,02ef16a6c394,63952a79d8fa,2
37,02ef16a6c394,e922a9e73b66,1
38,0320528adcce,9ed614721c31,1
39,0320528adcce,c6bf1113e45c,1
40,0320528adcce,fe9867174ca9,1
41,033f42d8a29e,00e2c609b433,8
42,033f42d8a29e,213f6505c6c2,2
43,033f42d8a29e,817944c9c685,1
44,033f42d8a29e,d0c9e369bee2,1
45,033f42d8a29e,d15eff82084c,1
46,0345fe1ba399,0f8bd7a29232,1
47,0345fe1ba399,fcd4fd0b9791,1
48,039c20eb5f8b,0622caefe523,2
49,039c20eb5f8b,085b2a38876e,1
50,039c20eb5f8b,11c9978abd32,4
51,039c20eb5f8b,174276bb19cc,1
52,039c20eb5f8b,549a2fac47d7,1
53,039c20eb5f8b,a02a7093edbc,1
54,039c20eb5f8b,a42e815c58f3,12
55,039c20eb5f8b,ad508fd81a92,10
56,039c20eb5f8b,c2ab60ea3e17,6
57,04150f2d5883,900149c65f11,1
58,042a78c14bb4,4860fb4eca2b,1
59,04426339e55d,294cd5558aed,1
60,04426339e55d,3e6ea6702421,1
61,04426339e55d,432fc7b6119c,1
62,04426339e55d,483aab8b1f38,1
63,04426339e55d,980d62c61247,1
64,04426339e55d,f169433b549d,1
65,04bd4bb8b787,2e0efa10d4b6,1
66,04bd4bb8b787,d2fea184642c,1
67,04bf2867f7e7,0632dc7a43b1,2
68,04bf2867f7e7,10534d4e7a9b,3
69,04bf2867f7e7,1813d3440861,1
70,04bf2867f7e7,224365f62f68,1
71,04bf2867f7e7,49a2c59db906,1
72,04bf2867f7e7,cfa861ad68d5,2
73,0604cd3138fe,5344c4110f48,1
74,0604cd3138fe,7182dd431b5c,2
75,0622caefe523,039c20eb5f8b,2
76,0622caefe523,085b2a38876e,3
77,0622caefe523,11c9978abd32,7
78,0622caefe523,a42e815c58f3,51
79,0622caefe523,a6be835812fa,2
80,0622caefe523,b2cc86ae48fd,1
81,0622caefe523,c2ab60ea3e17,1
82,0632dc7a43b1,04bf2867f7e7,2
83,0632dc7a43b1,10534d4e7a9b,5
84,0632dc7a43b1,1813d3440861,1
85,0632dc7a43b1,224365f62f68,1
86,0632dc7a43b1,23e5ea1e37f7,1
87,0632dc7a43b1,2521ef9e54ff,2
88,0632dc7a43b1,34d46bd57a61,1
89,0632dc7a43b1,47b19f8bd140,1
90,0632dc7a43b1,6864a5cf8519,2
91,0632dc7a43b1,c6ab41a0b97a,1
92,065a576c230e,34345e127ad7,1
93,06954b8a7f8d,be4f4b1608d6,1
94,06f6cc456bb1,130fb9040d57,1
95,06f6cc456bb1,6676c20b3c8e,1
96,06f6cc456bb1,76e82dec6df1,1
97,085b2a38876e,039c20eb5f8b,2
98,085b2a38876e,0622caefe523,4
99,085b2a38876e,11c9978abd32,1
100,085b2a38876e,549a2fac47d7,6
101,085b2a38876e,5fa6388d5e22,1
102,085b2a38876e,a42e815c58f3,17
103,085b2a38876e,c2ab60ea3e17,3
104,085b2a38876e,c310a8251638,7
105,085b2a38876e,fecb203bd177,1
106,08b5b23ea880,c431efa3667e,1
107,0970cc3beac8,48c91416b553,1
108,0970cc3beac8,e988d44433f8,1
109,0970cc3beac8,fdb5d0d7ade5,1
110,09b8329bd8e8,fe9701b3fdd6,1
111,0ae1f16981b6,4f112085958d,1
112,0ae1f16981b6,57f964dd22f3,1
113,0ae1f16981b6,6c10b76d1675,1
114,0b35b06a2277,7c594c644910,1
115,0b35b06a2277,8c8bf323b8b0,1
116,0b5988ba5721,15add4a25884,1
117,0b7c17df5c93,2411bc00212d,4
118,0b7c17df5c93,2a96810f857c,3
119,0b7c17df5c93,8a1d282fbc62,1
120,0b7c17df5c93,b10fd0da0efc,4
121,0b7c17df5c93,d0d282f8e42c,1
122,0b7c17df5c93,d1069877e710,3
123,0baf124b9c5e,7e04bb9f5afe,1
124,0bb298c1fc13,42bfe80fd854,4
125,0bd093ecb687,3b7186a51e6d,1
126,0bfefda5d962,3510a92fc7dd,1
127,0bfefda5d962,7121c17f02e3,1
128,0c0a866d236e,2210083ac9e0,1
129,0c0a866d236e,6d8baaaff9a8,2
130,0c0a866d236e,9c37e7118d74,10
131,0c0a866d236e,c1c182347e49,1
132,0c0a866d236e,dcef788d05b6,1
133,0c957eac7ed9,4332cd76590d,1
134,0c957eac7ed9,5876cdb8b0da,1
135,0c957eac7ed9,73410b280868,1
136,0c957eac7ed9,76bae15e8ae9,1
137,0c957eac7ed9,ae89ce58d543,1
138,0d0044cacda0,0d9a5484f79e,4
139,0d0044cacda0,6ad700bedd83,1
140,0d3f2f1576ca,632cc2a9bf8e,1
141,0d6f9709edae,42bfe80fd854,1
142,0d6f9709edae,6bcaea988250,1
143,0d6f9709edae,e609d533127c,1
144,0d9a5484f79e,0d0044cacda0,4
145,0d9a5484f79e,5f5bb9e19f9e,1
146,0d9a5484f79e,6ad700bedd83,2
147,0d9a5484f79e,ae92ca1ecdbf,1
148,0df4bf175294,0b7c17df5c93,1
149,0df4bf175294,54a5ff12a8dd,1
150,0dfcebf485c2,a71e60b1e54e,1
151,0e1a5a785140,07e1906a4c41,1
152,0e1a5a785140,a991b89eed28,1
153,0e3803a9c736,2754f6e1f004,1
154,0e3803a9c736,61bb27d39843,1
155,0e3803a9c736,d66518132f75,1
156,0e3de9e49647,51984e3434d2,1
157,0e3de9e49647,a2a4f4149655,1
158,0e51b8c46864,ddeaefb9ebdd,1
159,0e5275f34e63,29938b66ee9c,1
160,0e8612e70523,483081937fa8,1
161,0e8612e70523,48c91416b553,1
162,0e8612e70523,e02d97fbe3b7,1
163,0e8b7a7f79b3,e05e1450ded4,1
164,0e8cfbcc6331,483081937fa8,1
165,0e8cfbcc6331,5f9e3d4a0fa6,3
166,0e8cfbcc6331,682b73e4ac26,3
167,0e8cfbcc6331,acfee9c442be,1
168,0e8cfbcc6331,e02d97fbe3b7,1
169,0f2cce1aa7f0,187526313b1d,1
170,0f2cce1aa7f0,592d6a5d1bf8,1
171,0f2cce1aa7f0,96dfdb0e696f,1
172,0f31c318c80a,6bcaea988250,2
173,0f31c318c80a,bcce03f625c2,1
174,0f6ef22dc220,6bd19d82fc2f,1
175,0f8bd7a29232,0345fe1ba399,1
176,0fcfb0d3bee2,0baf124b9c5e,1
177,0fcfb0d3bee2,0fd7962d14c4,1
178,0fcfb0d3bee2,3564e90d0fa2,1
179,0fcfb0d3bee2,50978330f36b,1
180,0fcfb0d3bee2,b92ee2af0e07,1
181,0fd7962d14c4,6a287a1078c0,1
182,1010859799ff,20a0b846a834,2
183,1010859799ff,20a499262136,1
184,1010859799ff,373a4a16eaf9,1
185,1010859799ff,58839af42ed3,1
186,1010859799ff,83e7eb77f0f1,5
187,1010859799ff,8cdba996be62,1
188,1010859799ff,a4231df40681,1
189,1010859799ff,ae89ce58d543,18
190,1010859799ff,cccfc2377e10,1
191,10534d4e7a9b,04bf2867f7e7,2
192,10534d4e7a9b,0632dc7a43b1,3
193,10534d4e7a9b,1813d3440861,1
194,10534d4e7a9b,23e5ea1e37f7,1
195,10534d4e7a9b,2521ef9e54ff,4
196,10534d4e7a9b,34d46bd57a61,2
197,10534d4e7a9b,49a2c59db906,2
198,10534d4e7a9b,56d97f67e9f3,1
199,10534d4e7a9b,b68c4830cc9e,1
200,10534d4e7a9b,fa5e7e54261e,1
201,10973be83a0f,7243ae377c21,2
202,10bb64fa1d28,7fb8baac6d4d,1
203,10bb64fa1d28,e67c2b4f0c8f,3
204,110e600290fd,010e171b58be,1
205,110e600290fd,3cb5dde9e392,1
206,110e600290fd,4132596292ae,1
207,110e600290fd,c3aab9310a31,1
208,1110ad464b46,194409ffe6a5,2
209,1110ad464b46,77f073880db5,2
210,1110ad464b46,961cecb58184,2
211,11c9978abd32,039c20eb5f8b,3
212,11c9978abd32,0622caefe523,6
213,11c9978abd32,085b2a38876e,3
214,11c9978abd32,549a2fac47d7,1
215,11c9978abd32,9ed614721c31,1
216,11c9978abd32,a42e815c58f3,18
217,11c9978abd32,a6be835812fa,2
218,11c9978abd32,b2cc86ae48fd,3
219,11c9978abd32,c2ab60ea3e17,1
220,11c9978abd32,cbd02d97b073,1
221,11fc9a680f21,b103b4b46639,1
222,12007f07fca5,8ff02e119c08,1
223,130fb9040d57,231a19b7c156,1
224,130fb9040d57,3a0e14026c6b,3
225,130fb9040d57,466e34f3a4b3,1
226,130fb9040d57,518181f12789,1
227,130fb9040d57,592d6a5d1bf8,1
228,130fb9040d57,5c64a76f031b,1
229,130fb9040d57,6114169e6436,1
230,130fb9040d57,685d22ae4cc3,1
231,130fb9040d57,72a025714561,2
232,130fb9040d57,8240d223ef8e,1
233,130fb9040d57,83e7eb77f0f1,1
234,130fb9040d57,89c5b40d9fba,1
235,130fb9040d57,a56b54e1c593,1
236,130fb9040d57,fdb5d0d7ade5,1
237,13124c098d9a,f4b32629772f,1
238,13124c098d9a,fdd5ec817699,1
239,13450f1f8510,6b25fee98c05,1
240,13450f1f8510,8db8db7b9b42,1
241,13450f1f8510,ffdc094ea6d4,1
242,137ea7d0d28a,97a6d21df7c5,1
243,13b7994fae93,4023f322ac7a,1
244,140bef944914,949a0f8063c7,1
245,141dc5ae59a8,27dce682e1ad,1
246,142e477ce259,b21b2845209a,1
247,142e477ce259,b51e45a12fba,1
248,148031292317,124640bf2792,1
249,148031292317,d034d34cda8a,1
250,154d72ced791,bfad68fe2ab8,1
251,156a414d5f4f,020d5ea1a53e,1
252,156a414d5f4f,518181f12789,2
253,156a414d5f4f,798ddaf4f9cb,2
254,15ad78f5cb85,5ad9fe378347,1
255,15add4a25884,0b5988ba5721,2
256,1615dc1e029e,8fc27533fb0a,1
257,16368b02d04b,5344c4110f48,1
258,16368b02d04b,c2ab60ea3e17,1
259,169a495eb426,becb10632805,1
260,16f5fa5ce97e,5dc5bcd84be3,1
261,174276bb19cc,669d78cacaec,1
262,174276bb19cc,c2ab60ea3e17,1
263,174276bb19cc,d5fdcbf8546d,1
264,179cf283f9f5,7d10e92d7749,1
265,179cf283f9f5,8318c6586ef3,1
266,179cf283f9f5,8e5efe42177f,1
267,17ce978a1602,19febac2c341,1
268,1813d3440861,04bf2867f7e7,1
269,1813d3440861,0632dc7a43b1,2
270,1813d3440861,1c196870d209,2
271,1813d3440861,25e52144d4b6,1
272,1813d3440861,34d46bd57a61,2
273,1813d3440861,47b19f8bd140,1
274,1813d3440861,6f1f5bf42259,2
275,1813d3440861,b68c4830cc9e,3
276,1813d3440861,b7108b4935fb,2
277,1813d3440861,fe06da6e1e03,2
278,1863b0b035e5,04426339e55d,2
279,1863b0b035e5,0e3803a9c736,1
280,1863b0b035e5,432fc7b6119c,1
281,1863b0b035e5,682b73e4ac26,1
282,1863b0b035e5,d511b5d46902,1
283,187526313b1d,6fd6748dc299,1
284,18b2b9dc9406,3d22c86ba2c9,1
285,18fb42c6b3e2,37497c2c7134,1
286,18fb42c6b3e2,3b8321fe7f0e,1
287,1907e0ee827c,7fb7261ca5ef,2
288,19439c8fbdeb,8cb4e2e95bef,1
289,19439c8fbdeb,ad508fd81a92,1
290,19439c8fbdeb,c2ab60ea3e17,4
291,194409ffe6a5,0b35b06a2277,1
292,194409ffe6a5,1110ad464b46,2
293,194409ffe6a5,545c0551165b,1
294,194409ffe6a5,77f073880db5,4
295,194409ffe6a5,8cdba996be62,1
296,194409ffe6a5,961cecb58184,1
297,19c91ccab2d7,d492b3655ccb,1
298,19f97769ca89,658f473f2903,1
299,19f97769ca89,a38280500952,1
300,1a3c9e9512ea,26e2a5ca39aa,7
301,1a3c9e9512ea,2a13a24897aa,1
302,1a3c9e9512ea,2a96810f857c,1
303,1a3c9e9512ea,3a712cb6cf33,2
304,1a3c9e9512ea,615ddb10679b,1
305,1a3c9e9512ea,7cffec5b2779,17
306,1a3c9e9512ea,8a1d282fbc62,3
307,1a3c9e9512ea,9160bec81d69,5
308,1a3c9e9512ea,9a4a675dbeb6,1
309,1a3c9e9512ea,a4286709e555,4
310,1a3c9e9512ea,b103b4b46639,1
311,1a3c9e9512ea,b659b0bc6172,5
312,1a3c9e9512ea,c2b38d78fe58,14
313,1a3c9e9512ea,dba8d675d13a,5
314,1a3c9e9512ea,fe9867174ca9,1
315,1a5de96b8308,97782f82720e,1
316,1a9bf2cb2047,505a0744d613,1
317,1a9bf2cb2047,b659b0bc6172,1
318,1acc01f346b3,a89d6642c31c,1
319,1afc2e0024a4,373a4a16eaf9,1
320,1b9f6f19b08a,cccfc2377e10,1
321,1c196870d209,0632dc7a43b1,1
322,1c196870d209,10534d4e7a9b,1
323,1c196870d209,1813d3440861,2
324,1c196870d209,2521ef9e54ff,5
325,1c196870d209,34d46bd57a61,1
326,1c196870d209,47b19f8bd140,7
327,1c196870d209,6a802d54681c,1
328,1c196870d209,6f1f5bf42259,2
329,1c196870d209,b7108b4935fb,1
330,1c196870d209,c431efa3667e,1
331,1c196870d209,fa5e7e54261e,1
332,1c40b7658984,453afb3d310d,1
333,1c40b7658984,7e431cb8ac2b,1
334,1c40b7658984,ad9024097956,1
335,1c40b7658984,bae9aa4081f8,1
336,1ccb8d961c15,294cd5558aed,1
337,1ccb8d961c15,3eedbbb6b0d7,1
338,1ccb8d961c15,749ba437ddb7,2
339,1ccb8d961c15,a3b17f727233,1
340,1ccb8d961c15,b21592da48b2,2
341,1ccb8d961c15,e0688b1a2f32,1
342,1ccb8d961c15,e16226fb7dde,1
343,1d1e4a41d078,34fb1c72bc97,1
344,1d1e4a41d078,3d22c86ba2c9,1
345,1d947124999a,2ec1d8373835,3
346,1d947124999a,dd0b50aff9b5,2
347,1e392e468e57,2a00d0014618,1
348,1e392e468e57,a20a2b7bb084,1
349,1e392e468e57,b2eaa05bb7f7,1
350,1e61da9318ad,3dc6664cbe8b,1
351,1e61da9318ad,51e681141116,8
352,1e61da9318ad,95d2d760ea8c,1
353,1e61da9318ad,aecef364029f,8
354,1e61da9318ad,b51e45a12fba,6
355,1e61da9318ad,be8832f2edda,1
356,1e61da9318ad,c6f5c46f9e3d,1
357,1e61da9318ad,f73f5f09fd62,1
358,1e92f6602c56,809fda6c0e1a,1
359,1f1708e153fd,156a414d5f4f,1
360,1f1708e153fd,6a3bc2a7df56,1
361,1f1708e153fd,798ddaf4f9cb,2
362,1f1708e153fd,c9eb29fe21b7,2
363,1f1708e153fd,d182b2e2a818,1
364,1f497cde557c,f6de9bb74c77,1
365,1fda00bb3e47,79a90d80a490,1
366,20a0b846a834,1010859799ff,3
367,20a0b846a834,373a4a16eaf9,2
368,20a0b846a834,4860fb4eca2b,4
369,20a0b846a834,545c0551165b,4
370,20a0b846a834,58839af42ed3,1
371,20a0b846a834,6cb190544c58,1
372,20a0b846a834,a4231df40681,1
373,20a0b846a834,ae89ce58d543,3
374,20a0b846a834,cccfc2377e10,1
375,20a0b846a834,da6f09abbb21,2
376,20a499262136,ae89ce58d543,2
377,20a499262136,cccfc2377e10,4
378,213f6505c6c2,00e2c609b433,7
379,213f6505c6c2,033f42d8a29e,2
380,213f6505c6c2,d0c9e369bee2,8
381,213f6505c6c2,d15eff82084c,1
382,213f6505c6c2,e7f10ccd4852,1
383,215b82b09488,75409fb4fcc0,1
384,21e1753848a3,294cd5558aed,1
385,21e1753848a3,6a0fd04b7779,1
386,224365f62f68,01ee1fa3f6f6,1
387,224365f62f68,1813d3440861,1
388,224365f62f68,23e5ea1e37f7,1
389,224365f62f68,6864a5cf8519,1
390,224365f62f68,b68c4830cc9e,1
391,231a19b7c156,130fb9040d57,1
392,231a19b7c156,73ad46f67b09,2
393,231a19b7c156,b789f4e82d98,1
394,231a19b7c156,e6f04561c7ee,1
395,23cdd018d515,e31aade2d1ae,1
396,23e5ea1e37f7,04bf2867f7e7,1
397,23e5ea1e37f7,0632dc7a43b1,1
398,23e5ea1e37f7,10534d4e7a9b,1
399,23e5ea1e37f7,1813d3440861,5
400,23e5ea1e37f7,1c196870d209,3
401,23e5ea1e37f7,34d46bd57a61,2
402,23e5ea1e37f7,4374c519fb76,2
403,23e5ea1e37f7,6864a5cf8519,2
404,23e5ea1e37f7,b68c4830cc9e,3
405,23e5ea1e37f7,b7108b4935fb,5
406,23e5ea1e37f7,c6ab41a0b97a,1
407,23e5ea1e37f7,fa5e7e54261e,1
408,2411bc00212d,0b7c17df5c93,8
409,2411bc00212d,2a96810f857c,1
410,2411bc00212d,d1069877e710,1
411,24868390a289,c4e6702e184d,1
412,24c988b91198,039c20eb5f8b,5
413,24c988b91198,3b8321fe7f0e,1
414,24c988b91198,3c26647d844c,11
415,24c988b91198,445553f40763,1
416,24c988b91198,549a2fac47d7,2
417,24c988b91198,5fa6388d5e22,1
418,24c988b91198,72af274646e1,1
419,24c988b91198,88d1b784dd23,106
420,24c988b91198,a42e815c58f3,1
421,24c988b91198,a6be835812fa,1
422,24c988b91198,ad508fd81a92,2
423,24c988b91198,b28a999c0fba,1
424,24c988b91198,b2cc86ae48fd,1
425,24c988b91198,bdc1b757e4d4,1
426,25124cd5d752,2f30ec3c0bf3,1
427,2521ef9e54ff,1813d3440861,2
428,2521ef9e54ff,1c196870d209,7
429,2521ef9e54ff,23e5ea1e37f7,4
430,2521ef9e54ff,6f1f5bf42259,1
431,2521ef9e54ff,b7108b4935fb,3
432,2559fc0f2cdc,37497c2c7134,1
433,2559fc0f2cdc,3b8321fe7f0e,15
434,2559fc0f2cdc,ad508fd81a92,1
435,2559fc0f2cdc,ba2d97232907,2
436,2559fc0f2cdc,c2ab60ea3e17,1
437,255ac64f2a9b,6114169e6436,1
438,260d66f31596,9a2d94742295,3
439,260d66f31596,caa27da5d078,2
440,263522fa2776,4459b2909cef,2
441,263522fa2776,a3b17f727233,1
442,263522fa2776,a41b6fde8b21,1
443,2669177e036f,c5cb1d3a8599,1
444,26a872e4a997,4e49df6a512b,1
445,26a872e4a997,e8f248d7a437,4
446,26e2a5ca39aa,1a3c9e9512ea,9
447,26e2a5ca39aa,5485ec644342,1
448,26e2a5ca39aa,7cffec5b2779,1
449,26e2a5ca39aa,8a1d282fbc62,1
450,26e2a5ca39aa,fe9867174ca9,1
451,26eec94c80ed,7a78925fa638,1
452,2754f6e1f004,294cd5558aed,1
453,277db1a67434,bcce03f625c2,1
454,277db1a67434,dd9aeb023009,1
455,27dce682e1ad,824bd8704dd8,1
456,27eb72db5124,db91b5893a03,1
457,28096b238faf,592d6a5d1bf8,1
458,2809dac9ae84,2d087552bf9d,4
459,280e7a637bb8,3510a92fc7dd,1
460,280e7a637bb8,4935c8501194,1
461,281d362c97c7,97782f82720e,1
462,281d362c97c7,d708536983e2,1
463,282067dc0a5d,2f9ec5e89378,1
464,282067dc0a5d,af8aaa6ab480,1
465,2869acd96e48,0d3f2f1576ca,1
466,294cd5558aed,1863b0b035e5,1
467,294cd5558aed,432fc7b6119c,1
468,294cd5558aed,6bebf9fc57b8,1
469,294cd5558aed,76e82dec6df1,1
470,294cd5558aed,7d802a5c57e7,1
471,294cd5558aed,97782f82720e,2
472,294cd5558aed,cd9b7833bc32,2
473,294cd5558aed,e4ed4d14170e,1
474,294cd5558aed,e719f90cfd4e,1
475,294cd5558aed,f169433b549d,1
476,29938b66ee9c,8c77895f23a5,1
477,2a00d0014618,0f6ef22dc220,1
478,2a00d0014618,34345e127ad7,1
479,2a00d0014618,437c496b1e80,1
480,2a00d0014618,70bf9808036c,1
481,2a00d0014618,b92ee2af0e07,1
482,2a13a24897aa,445553f40763,6
483,2a13a24897aa,52b403a5afce,1
484,2a13a24897aa,af773452206f,1
485,2a13a24897aa,b659b0bc6172,2
486,2a13a24897aa,e969edf3b34e,1
487,2a96810f857c,0b7c17df5c93,2
488,2a96810f857c,2411bc00212d,4
489,2a96810f857c,5485ec644342,1
490,2a96810f857c,97938e420cb1,1
491,2a96810f857c,cc75708c0b61,1
492,2b6835698ec8,721cf4af683f,1
493,2b6835698ec8,b50f932fa4b2,1
494,2b6835698ec8,bae73c074541,1
495,2bbf50bec57a,2fbaf708d69b,1
496,2bbf50bec57a,7a33bef8b88c,1
497,2bbf50bec57a,80909363f160,1
498,2bbf50bec57a,a38280500952,1
499,2bbf50bec57a,a3b17f727233,1
500,2be68bedd48c,8db8db7b9b42,1
501,2be68bedd48c,d34272bcc35b,1
502,2c33b7dd8542,483aab8b1f38,1
503,2d087552bf9d,2809dac9ae84,4
504,2d510a41791a,282067dc0a5d,1
505,2d510a41791a,2f9ec5e89378,1
506,2d769adc12c4,8e5efe42177f,1
507,2d769adc12c4,d55bec63f284,1
508,2dacf50307a2,31ee25afac11,1
509,2dacf50307a2,788d97a253ea,2
510,2dfe1893e251,9ed614721c31,2
511,2dfe1893e251,a02a7093edbc,7
512,2dfe1893e251,c310a8251638,1
513,2e0efa10d4b6,dec8f3b3bfeb,1
514,2e0efa10d4b6,e922a9e73b66,1
515,2e57ab2001f6,00238fee2b4c,1
516,2e57ab2001f6,263522fa2776,2
517,2e57ab2001f6,4459b2909cef,1
518,2ec1d8373835,1d947124999a,5
519,2ec1d8373835,c7a527ba19a7,1
520,2ec1d8373835,dd0b50aff9b5,2
521,2ec1d8373835,ef34effae91f,1
522,2ecda2b2aa5b,900ec63917ba,2
523,2ecda2b2aa5b,fecb203bd177,1
524,2ecfd589ba4a,85724d7fe46b,1
525,2f30ec3c0bf3,3b8a97e5d597,2
526,2f30ec3c0bf3,518181f12789,1
527,2f30ec3c0bf3,7529596f2fed,1
528,2f30ec3c0bf3,798ddaf4f9cb,6
529,2f30ec3c0bf3,a654e3581d9b,1
530,2f30ec3c0bf3,c9eb29fe21b7,2
531,2f30ec3c0bf3,e0ad8c3cc19b,1
532,2f4627f93dcb,6e41eb862ee6,1
533,2f9ec5e89378,282067dc0a5d,1
534,2fbaf708d69b,2bbf50bec57a,1
535,301b928b2a48,abcf0898f37c,1
536,303e652fb5d5,5a5f74751d75,1
537,30857fa417ed,fa5e7e54261e,1
538,30ba32ee0941,bf9e705d0081,1
539,30ec1ae05d7d,efcb7d92dfe1,1
540,30ec1ae05d7d,f6de9bb74c77,1
541,3189722cce95,9a4a675dbeb6,1
542,318ab1cb8ecc,e4ed4d14170e,1
543,31b9d190e94d,cb88c9ac35ef,2
544,31ee25afac11,d6d8fb976838,1
545,3247472dd4d6,ae89ce58d543,1
546,32502c3ae072,adb9f7d3adbe,1
547,330738f864d9,25124cd5d752,1
548,330738f864d9,54e8c1fe7150,1
549,33167bac2de0,3e6ea6702421,1
550,33167bac2de0,8fd133954063,1
551,338757053ba5,9ed614721c31,1
552,33a194cda7de,53d24a7f2dcc,1
553,33d936f40a65,1b9f6f19b08a,1
554,33d936f40a65,64cd896af0df,1
555,33d936f40a65,6a0fd04b7779,1
556,340cd88affc1,aee4848a8580,1
557,34345e127ad7,4f5c27f8f068,1
558,34345e127ad7,fb9e8e57e0a1,1
559,3490a8da189c,73ad46f67b09,1
560,34c4aa2e53e1,c9d2b8481d99,1
561,34d46bd57a61,04bf2867f7e7,1
562,34d46bd57a61,0632dc7a43b1,1
563,34d46bd57a61,10534d4e7a9b,1
564,34d46bd57a61,1813d3440861,1
565,34d46bd57a61,1c196870d209,2
566,34d46bd57a61,2521ef9e54ff,1
567,34d46bd57a61,72a025714561,2
568,34d46bd57a61,b10b20823f57,2
569,34d46bd57a61,b68c4830cc9e,5
570,34d46bd57a61,cfa861ad68d5,1
571,34d46bd57a61,fe06da6e1e03,1
572,34fb1c72bc97,72d9dd541c4f,1
573,34fb1c72bc97,f963ae8dced6,1
574,3510a92fc7dd,0bfefda5d962,1
575,35444bace328,033f42d8a29e,1
576,35444bace328,213f6505c6c2,1
577,35444bace328,e9d09d26ed26,1
578,35444bace328,ecc4ba55675b,1
579,3564e90d0fa2,f223bccd09b2,1
580,35cd319dc9c2,86ffa533add6,3
581,35cd319dc9c2,cb7e29706787,9
582,36b212ef149c,0e8cfbcc6331,1
583,36b212ef149c,39065acbb5c5,1
584,36b212ef149c,73ad46f67b09,1
585,36c1cc2f9d70,7fb8baac6d4d,1
586,373a4a16eaf9,0c957eac7ed9,1
587,373a4a16eaf9,1010859799ff,1
588,373a4a16eaf9,20a0b846a834,3
589,373a4a16eaf9,3dc6664cbe8b,1
590,373a4a16eaf9,3dfcb2607ca7,2
591,373a4a16eaf9,4ede76d3a446,3
592,373a4a16eaf9,58839af42ed3,3
593,373a4a16eaf9,592d6a5d1bf8,1
594,373a4a16eaf9,64c50151e532,4
595,373a4a16eaf9,6cb190544c58,1
596,373a4a16eaf9,7c594c644910,1
597,373a4a16eaf9,7f3541038c0c,1
598,373a4a16eaf9,8cdba996be62,6
599,373a4a16eaf9,97a6d21df7c5,1
600,373a4a16eaf9,ae89ce58d543,18
601,373a4a16eaf9,b4746c6ec078,8
602,373a4a16eaf9,cc4b353fbba9,1
603,373a4a16eaf9,cccfc2377e10,4
604,373a4a16eaf9,da6f09abbb21,2
605,37497c2c7134,18fb42c6b3e2,1
606,37497c2c7134,2559fc0f2cdc,3
607,37497c2c7134,3b8321fe7f0e,6
608,37497c2c7134,a42e815c58f3,2
609,3802a8d0f0fd,38efe5e64041,1
610,38307094d613,6f1f5bf42259,1
611,38307094d613,fe06da6e1e03,1
612,386870509dc7,4898b2c89209,1
613,386870509dc7,6c99cbaa2778,1
614,38efe5e64041,65cb10cc4e49,1
615,38f03c2fffbe,06954b8a7f8d,1
616,39065acbb5c5,56064aa38f88,1
617,39890a61c75d,6f2af87395c4,1
618,39890a61c75d,d20def23786c,1
619,3a0e14026c6b,130fb9040d57,3
620,3a0e14026c6b,947d856b880b,1
621,3a6e2b22591e,7e431cb8ac2b,1
622,3a712cb6cf33,1a3c9e9512ea,1
623,3a712cb6cf33,c2b38d78fe58,1
624,3a7e532d8a59,b92ee2af0e07,1
625,3b7186a51e6d,0bd093ecb687,1
626,3b8321fe7f0e,18fb42c6b3e2,1
627,3b8321fe7f0e,19439c8fbdeb,2
628,3b8321fe7f0e,2559fc0f2cdc,14
629,3b8321fe7f0e,37497c2c7134,10
630,3b8321fe7f0e,549a2fac47d7,5
631,3b8321fe7f0e,71d8d9487a9d,1
632,3b8321fe7f0e,88d1b784dd23,2
633,3b8321fe7f0e,8cb4e2e95bef,4
634,3b8321fe7f0e,9ed614721c31,3
635,3b8321fe7f0e,ad508fd81a92,86
636,3b8321fe7f0e,b2cc86ae48fd,2
637,3b8321fe7f0e,ba2d97232907,3
638,3b8321fe7f0e,c2ab60ea3e17,9
639,3b8321fe7f0e,c310a8251638,1
640,3b8321fe7f0e,e29fe6324bfa,1
641,3b8321fe7f0e,fcf15d230a8e,3
642,3b8321fe7f0e,fecb203bd177,1
643,3b8a97e5d597,020d5ea1a53e,1
644,3b8a97e5d597,156a414d5f4f,2
645,3b8a97e5d597,2f30ec3c0bf3,2
646,3b8a97e5d597,518181f12789,2
647,3b8a97e5d597,64ee62621a64,2
648,3b8a97e5d597,7529596f2fed,3
649,3b8a97e5d597,798ddaf4f9cb,1
650,3b8a97e5d597,c9eb29fe21b7,2
651,3b8a97e5d597,f138448f1a22,1
652,3bd625f07792,cccfc2377e10,1
653,3c034be74144,8789c510828e,2
654,3c26647d844c,24c988b91198,16
655,3c26647d844c,3b8321fe7f0e,1
656,3c26647d844c,88d1b784dd23,27
657,3c26647d844c,b28a999c0fba,1
658,3c26647d844c,c2ab60ea3e17,1
659,3c498fdd0fc9,7e04bb9f5afe,1
660,3cb5588f8763,a20a2b7bb084,1
661,3cb5588f8763,bda5459a0e26,1
662,3cb5dde9e392,110e600290fd,1
663,3cb694aa163e,a09f77cd158f,1
664,3cb694aa163e,c58a755918d6,1
665,3d22c86ba2c9,386870509dc7,1
666,3d22c86ba2c9,e08bb1ca1d86,1
667,3d2e0eb68bb1,3e6ea6702421,1
668,3d2e0eb68bb1,511425f1125b,1
669,3d2e0eb68bb1,8ba5ef4e282b,2
670,3d2e0eb68bb1,b8a3a094fb6d,1
671,3d2e0eb68bb1,c6f5c46f9e3d,1
672,3d2e0eb68bb1,e0af15d9ad39,2
673,3d482755725e,fe5da2534071,1
674,3d81c44aaca8,47a3740e77c4,2
675,3d81c44aaca8,8b852b0b30d4,1
676,3d81c44aaca8,ae92ca1ecdbf,4
677,3d81c44aaca8,becb10632805,1
678,3dc6664cbe8b,1e61da9318ad,4
679,3dc6664cbe8b,51e681141116,3
680,3dc6664cbe8b,ae89ce58d543,1
681,3dc6664cbe8b,aecef364029f,5
682,3dc6664cbe8b,b51e45a12fba,1
683,3dfcb2607ca7,373a4a16eaf9,3
684,3e6ea6702421,682b73e4ac26,1
685,3e6ea6702421,6a508b2eca69,1
686,3e6ea6702421,979ee4d48a6d,1
687,3e6ea6702421,c0db79b8255c,1
688,3e6ea6702421,e9d09d26ed26,1
689,3eedbbb6b0d7,00238fee2b4c,1
690,3eedbbb6b0d7,418001574db2,2
691,3eedbbb6b0d7,6a0fd04b7779,1
692,3eedbbb6b0d7,acfee9c442be,1
693,3eedbbb6b0d7,af7707c5ea70,1
694,3eedbbb6b0d7,e8e65b695662,1
695,3f7d91959faa,30ba32ee0941,1
696,3f7d91959faa,e3a1cb6c45cd,1
697,4023f322ac7a,4332cd76590d,1
698,4132596292ae,04426339e55d,1
699,413de224e7ce,7262135db7aa,1
700,4162e4a359ba,76e82dec6df1,1
701,418001574db2,00238fee2b4c,1
702,418001574db2,1a5de96b8308,1
703,418001574db2,294cd5558aed,1
704,418001574db2,3eedbbb6b0d7,2
705,418001574db2,6a0fd04b7779,1
706,418001574db2,af7707c5ea70,2
707,418001574db2,b870082ba75d,1
708,418001574db2,e25ecda54a75,3
709,41cf091084d6,432fc7b6119c,4
710,41cf091084d6,511425f1125b,1
711,41cf091084d6,e0af15d9ad39,4
712,42bfe80fd854,0bb298c1fc13,5
713,42bfe80fd854,4a340903a906,1
714,42bfe80fd854,62c488bbaded,1
715,42bfe80fd854,6676c20b3c8e,1
716,42bfe80fd854,8cdba996be62,1
717,42bfe80fd854,94838f458b4b,1
718,42bfe80fd854,e6f04561c7ee,1
719,42bfe80fd854,fa0cb0b93e1b,1
720,42bfe80fd854,ff54ce7f9bf6,1
721,432fc7b6119c,281d362c97c7,1
722,432fc7b6119c,294cd5558aed,2
723,432fc7b6119c,665e392864c3,1
724,432fc7b6119c,682b73e4ac26,1
725,432fc7b6119c,7d802a5c57e7,1
726,432fc7b6119c,87557ad1d2f9,1
727,432fc7b6119c,8ba5ef4e282b,1
728,432fc7b6119c,97782f82720e,2
729,432fc7b6119c,a310cacc373e,1
730,432fc7b6119c,ca81f29fc3a5,2
731,432fc7b6119c,cc4b353fbba9,1
732,432fc7b6119c,e02d97fbe3b7,1
733,432fc7b6119c,e7c46013c81f,3
734,432fc7b6119c,f169433b549d,2
735,4332cd76590d,7c508dc5b5da,2
736,4332cd76590d,a4231df40681,1
737,4332cd76590d,c0750ab24be1,1
738,4374c519fb76,1c196870d209,1
739,4374c519fb76,23e5ea1e37f7,1
740,437c496b1e80,18b2b9dc9406,1
741,444533a70844,fa13c4a8367b,2
742,444533a70844,fd04adb49c21,1
743,445553f40763,0b7c17df5c93,1
744,445553f40763,2a13a24897aa,2
745,445553f40763,7cffec5b2779,1
746,445553f40763,900ec63917ba,1
747,445553f40763,b37bb790714e,1
748,445553f40763,b659b0bc6172,2
749,445553f40763,e969edf3b34e,5
750,445553f40763,ed8b33038fc5,2
751,4459b2909cef,1a5de96b8308,1
752,4459b2909cef,263522fa2776,1
753,4459b2909cef,8c00431d1986,1
754,44c875a35e8c,e719f90cfd4e,1
755,4523ae90cdb2,f3f3635203fd,1
756,453afb3d310d,1c40b7658984,2
757,453afb3d310d,ca81f29fc3a5,1
758,45614290270f,bc7fe627d446,1
759,45bf2a09d4d9,5a96962eec8e,1
760,45bf2a09d4d9,a6e0f1a76758,1
761,45bf2a09d4d9,ad59c85b2e5f,1
762,45bf2a09d4d9,c9fcb0463eca,1
763,45bf2a09d4d9,caa27da5d078,2
764,45bf2a09d4d9,cac740f29742,1
765,45bf2a09d4d9,d66518132f75,1
766,466e34f3a4b3,1e61da9318ad,1
767,466e34f3a4b3,592d6a5d1bf8,1
768,466e34f3a4b3,6fd6748dc299,1
769,466e34f3a4b3,91827d504e2e,1
770,466e34f3a4b3,fa0cb0b93e1b,1
771,476d2c8a91fa,04bd4bb8b787,1
772,476d2c8a91fa,679551c92dbc,1
773,476d2c8a91fa,d943da81dc4e,1
774,4772641f101b,8372369bb901,16
775,47a3740e77c4,3d81c44aaca8,3
776,47a3740e77c4,8fc27533fb0a,2
777,47a3740e77c4,92480b4e17d7,1
778,47a3740e77c4,ae92ca1ecdbf,3
779,47a3740e77c4,becb10632805,3
780,47acc8b90f4d,56cc405eb71a,1
781,47b19f8bd140,04bf2867f7e7,1
782,47b19f8bd140,10534d4e7a9b,3
783,47b19f8bd140,1c196870d209,5
784,47b19f8bd140,23e5ea1e37f7,1
785,47b19f8bd140,2521ef9e54ff,1
786,47b19f8bd140,49a2c59db906,1
787,47b19f8bd140,6f1f5bf42259,1
788,48090555853d,10534d4e7a9b,1
789,483081937fa8,0e8cfbcc6331,2
790,483081937fa8,10973be83a0f,1
791,483081937fa8,1863b0b035e5,1
792,483081937fa8,7243ae377c21,1
793,483081937fa8,cd9b7833bc32,1
794,483aab8b1f38,08eb507fdfc2,1
795,483aab8b1f38,0e3803a9c736,1
796,483aab8b1f38,2e57ab2001f6,1
797,483aab8b1f38,56064aa38f88,1
798,483aab8b1f38,682b73e4ac26,1
799,483aab8b1f38,930485bbfab0,1
800,483aab8b1f38,97782f82720e,1
801,4860fb4eca2b,042a78c14bb4,1
802,4860fb4eca2b,20a0b846a834,5
803,4860fb4eca2b,545c0551165b,12
804,4860fb4eca2b,8cdba996be62,3
805,4860fb4eca2b,a4231df40681,1
806,4860fb4eca2b,ae89ce58d543,2
807,4898b2c89209,2d769adc12c4,1
808,4898b2c89209,72e3ef7c52cb,1
809,48ae093b8fec,7d802a5c57e7,1
810,48ae093b8fec,a4b1f95ddfa1,1
811,48c91416b553,294cd5558aed,1
812,48c91416b553,45bf2a09d4d9,1
813,48c91416b553,6bcaea988250,1
814,48c91416b553,73ad46f67b09,1
815,48c91416b553,83e7eb77f0f1,1
816,48c91416b553,97782f82720e,1
817,4935c8501194,0bfefda5d962,1
818,4935c8501194,4d5ed6fbbcd3,1
819,4935c8501194,fdb5d0d7ade5,1
820,496340ac7821,4860fb4eca2b,1
821,496340ac7821,a0b57f287242,1
822,496340ac7821,c615430ef56c,1
823,496340ac7821,f6f855d3bfc3,1
824,499254fc85e1,08b5b23ea880,1
825,49a2c59db906,04bf2867f7e7,1
826,49a2c59db906,1813d3440861,1
827,49a2c59db906,23e5ea1e37f7,1
828,49a2c59db906,47b19f8bd140,1
829,49b5b0231898,bfdc19cd801a,1
830,49be3d65743d,9da4bc182d75,1
831,49fdfc988e29,6bcaea988250,1
832,4a340903a906,3a7e532d8a59,1
833,4a340903a906,42bfe80fd854,1
834,4a340903a906,928c88cd245c,2
835,4a340903a906,9ed477a57b1c,3
836,4a340903a906,af478e5f329e,1
837,4b8a6b03018a,6020de3a4997,1
838,4bbcec8e8147,087741e65b10,1
839,4bbcec8e8147,8789c510828e,1
840,4bbcec8e8147,91f0092e4068,49
841,4bd8de3d0456,593b0c98270c,1
842,4bd8de3d0456,693d41b8407e,1
843,4bd8de3d0456,b46ebd04f531,1
844,4bd8de3d0456,fd04adb49c21,7
845,4d5ed6fbbcd3,0970cc3beac8,1
846,4d5ed6fbbcd3,2dacf50307a2,1
847,4d5ed6fbbcd3,466e34f3a4b3,1
848,4d69e7b48249,432fc7b6119c,2
849,4d69e7b48249,e16226fb7dde,1
850,4df09a20d533,bc7509624797,1
851,4e1027677989,ddf87428c63d,1
852,4e49df6a512b,518181f12789,1
853,4e49df6a512b,798ddaf4f9cb,1
854,4e49df6a512b,c181e9b5dc7b,1
855,4e55276e2b00,73ad46f67b09,1
856,4e55276e2b00,91827d504e2e,1
857,4ede76d3a446,373a4a16eaf9,3
858,4ede76d3a446,58839af42ed3,1
859,4ede76d3a446,592d6a5d1bf8,1
860,4ede76d3a446,6cb190544c58,1
861,4ede76d3a446,cccfc2377e10,1
862,4f112085958d,5a5f74751d75,1
863,4f5c27f8f068,a38280500952,1
864,4f84c9c3ddea,57f964dd22f3,1
865,4fe7e6f1705d,0e3de9e49647,1
866,4fe7e6f1705d,cf3ff1a00fa1,2
867,50582e8e5c10,3cb5588f8763,1
868,50582e8e5c10,a20a2b7bb084,1
869,505a0744d613,1a3c9e9512ea,1
870,505a0744d613,5485ec644342,7
871,505a0744d613,615ddb10679b,3
872,505a0744d613,88c9cc95244b,2
873,505a0744d613,a4286709e555,1
874,505a0744d613,d0d282f8e42c,2
875,505a0744d613,db1a7ebf3727,4
876,505a0744d613,ec76c1111dcd,1
877,50825d7e9707,45614290270f,1
878,50825d7e9707,f14c5bb83d35,1
879,5083dd92b927,48f84ea6043f,1
880,5083dd92b927,64c50151e532,1
881,50978330f36b,2a00d0014618,1
882,50b98505c582,ad508fd81a92,1
883,511425f1125b,41cf091084d6,1
884,511425f1125b,432fc7b6119c,3
885,511425f1125b,97782f82720e,1
886,511425f1125b,d66518132f75,3
887,5119b118f91d,570e38102766,1
888,518181f12789,130fb9040d57,2
889,518181f12789,156a414d5f4f,1
890,518181f12789,2f30ec3c0bf3,2
891,518181f12789,3b8a97e5d597,1
892,518181f12789,6114169e6436,1
893,518181f12789,6a3bc2a7df56,2
894,518181f12789,798ddaf4f9cb,2
895,518181f12789,822ff29e8047,1
896,518181f12789,c9eb29fe21b7,5
897,518181f12789,e0ad8c3cc19b,1
898,51984e3434d2,e74d3069d3a0,1
899,51e681141116,1e61da9318ad,4
900,51e681141116,215b82b09488,1
901,51e681141116,33d936f40a65,1
902,51e681141116,373a4a16eaf9,1
903,51e681141116,3dc6664cbe8b,1
904,51e681141116,8ba5ef4e282b,1
905,51e681141116,aecef364029f,25
906,51e681141116,b51e45a12fba,19
907,51e681141116,bcce03f625c2,1
908,51e681141116,f169433b549d,1
909,51e681141116,fa0cb0b93e1b,1
910,521ea7615119,675bfbd015a4,2
911,521ea7615119,6bcaea988250,1
912,521ea7615119,fc13e8970bd1,1
913,527fda157ed0,6f2af87395c4,1
914,52b403a5afce,2a13a24897aa,1
915,52b403a5afce,445553f40763,2
916,52b403a5afce,af773452206f,3
917,52b403a5afce,e969edf3b34e,2
918,5309619d5958,280e7a637bb8,1
919,5309619d5958,5c64a76f031b,1
920,5309619d5958,fdb5d0d7ade5,2
921,5344c4110f48,24c988b91198,1
922,5344c4110f48,7182dd431b5c,4
923,5344c4110f48,8cb4e2e95bef,1
924,53d24a7f2dcc,7d55d6c62061,1
925,53d24a7f2dcc,d02af9b90375,1
926,545c0551165b,194409ffe6a5,1
927,545c0551165b,20a0b846a834,3
928,545c0551165b,4860fb4eca2b,13
929,545c0551165b,496340ac7821,1
930,545c0551165b,8cdba996be62,1
931,5485ec644342,1a9bf2cb2047,1
932,5485ec644342,2a13a24897aa,2
933,5485ec644342,445553f40763,1
934,5485ec644342,505a0744d613,3
935,5485ec644342,52b403a5afce,1
936,5485ec644342,593b0c98270c,1
937,5485ec644342,615ddb10679b,2
938,5485ec644342,669d78cacaec,1
939,5485ec644342,88c9cc95244b,3
940,5485ec644342,8a1d282fbc62,1
941,5485ec644342,a4286709e555,1
942,5485ec644342,b659b0bc6172,1
943,5485ec644342,b66a7baff55a,1
944,5485ec644342,cee51a537b73,3
945,5485ec644342,d0d282f8e42c,5
946,5485ec644342,db1a7ebf3727,2
947,5485ec644342,ec76c1111dcd,3
948,5485ec644342,fdd5ec817699,1
949,5485ec644342,fecb203bd177,1
950,549a2fac47d7,0622caefe523,1
951,549a2fac47d7,085b2a38876e,2
952,549a2fac47d7,11c9978abd32,1
953,549a2fac47d7,19439c8fbdeb,1
954,549a2fac47d7,24c988b91198,2
955,549a2fac47d7,3b8321fe7f0e,6
956,549a2fac47d7,5344c4110f48,1
957,549a2fac47d7,5fa6388d5e22,5
958,549a2fac47d7,88d1b784dd23,7
959,549a2fac47d7,91a73fd806ab,1
960,549a2fac47d7,9ed614721c31,8
961,549a2fac47d7,a02a7093edbc,3
962,549a2fac47d7,a42e815c58f3,4
963,549a2fac47d7,ad508fd81a92,3
964,549a2fac47d7,b2cc86ae48fd,12
965,549a2fac47d7,b3a8e0e1f9ab,4
966,549a2fac47d7,c28c7d9c611c,1
967,549a2fac47d7,c2ab60ea3e17,74
968,549a2fac47d7,c310a8251638,2
969,549a2fac47d7,fcd4fd0b9791,1
970,54a5ff12a8dd,965ed7552e48,1
971,54b1cbe702d6,675bfbd015a4,1
972,54b1cbe702d6,8efb3a60255d,1
973,54e8c1fe7150,330738f864d9,1
974,54e8c1fe7150,4d5ed6fbbcd3,1
975,54e8c1fe7150,c9eb29fe21b7,1
976,557f5337d3e6,26e2a5ca39aa,1
977,557f5337d3e6,2ecda2b2aa5b,2
978,557f5337d3e6,338757053ba5,1
979,557f5337d3e6,50493044f3c1,3
980,557f5337d3e6,6db329fe658b,1
981,557f5337d3e6,b659b0bc6172,1
982,55df81d41e5f,deba08a7c572,1
983,56064aa38f88,8ba5ef4e282b,1
984,56064aa38f88,c36a1f5e2a48,1
985,56064aa38f88,fc6657f0747d,3
986,56a246745588,693d41b8407e,1
987,56a759db2be4,5c0615567c82,1
988,56a759db2be4,dd9aeb023009,1
989,56b5e147744f,25124cd5d752,1
990,56cc405eb71a,47acc8b90f4d,3
991,56cc405eb71a,8b3b888b566d,1
992,56cc405eb71a,bc25ecd3c749,1
993,56cc405eb71a,bcbbde30efab,2
994,56d97f67e9f3,47b19f8bd140,1
995,56e8a78398f8,d5317bcfe9d0,1
996,570c3cd70292,19c91ccab2d7,1
997,5730cce9a836,c9d2b8481d99,1
998,573cbae20c43,5730cce9a836,1
999,575247f7b834,426ce8652170,1
1000,578d3d09792d,e443169117a1,1
1001,57d117317719,179cf283f9f5,1
1002,57d117317719,23cdd018d515,1
1003,57d117317719,2d769adc12c4,1
1004,57d117317719,d55bec63f284,1
1005,57f964dd22f3,340cd88affc1,1
1006,57f964dd22f3,4f84c9c3ddea,1
1007,5876cdb8b0da,0c957eac7ed9,4
1008,5876cdb8b0da,20a0b846a834,1
1009,5876cdb8b0da,9a72540b319a,1
1010,58839af42ed3,1010859799ff,1
1011,58839af42ed3,373a4a16eaf9,7
1012,58839af42ed3,592d6a5d1bf8,4
1013,58839af42ed3,64c50151e532,3
1014,58839af42ed3,665e392864c3,2
1015,58839af42ed3,6cb190544c58,1
1016,58839af42ed3,7c594c644910,1
1017,58839af42ed3,7f3541038c0c,1
1018,58839af42ed3,83e7eb77f0f1,1
1019,58839af42ed3,8cdba996be62,2
1020,58839af42ed3,a4231df40681,1
1021,58839af42ed3,ae89ce58d543,10
1022,58839af42ed3,b4746c6ec078,1
1023,58839af42ed3,cccfc2377e10,5
1024,592d6a5d1bf8,130fb9040d57,1
1025,592d6a5d1bf8,142e477ce259,1
1026,592d6a5d1bf8,20a0b846a834,1
1027,592d6a5d1bf8,231a19b7c156,1
1028,592d6a5d1bf8,373a4a16eaf9,2
1029,592d6a5d1bf8,466e34f3a4b3,1
1030,592d6a5d1bf8,4ede76d3a446,1
1031,592d6a5d1bf8,58839af42ed3,4
1032,592d6a5d1bf8,6114169e6436,1
1033,592d6a5d1bf8,72a025714561,1
1034,592d6a5d1bf8,73ad46f67b09,1
1035,592d6a5d1bf8,76e82dec6df1,1
1036,592d6a5d1bf8,8240d223ef8e,2
1037,592d6a5d1bf8,ae89ce58d543,3
1038,593b0c98270c,2a13a24897aa,1
1039,593b0c98270c,3189722cce95,1
1040,593b0c98270c,b659b0bc6172,3
1041,596d0c702ba6,54b1cbe702d6,1
1042,59933d776452,32502c3ae072,1
1043,59933d776452,a991b89eed28,1
1044,59a1a9b96b36,55df81d41e5f,1
1045,5a5f74751d75,4f112085958d,1
1046,5a5f74751d75,a83a9779a29c,1
1047,5a96962eec8e,ca81f29fc3a5,1
1048,5ad9fe378347,56e8a78398f8,1
1049,5b4afb8d2ed6,b2cc86ae48fd,1
1050,5b4afb8d2ed6,c2b38d78fe58,1
1051,5b4afb8d2ed6,fecb203bd177,1
1052,5c0615567c82,d11dffa1979b,1
1053,5c0615567c82,ed0e0dc14d8d,1
1054,5c308ef1a080,dd892d61e68e,1
1055,5c4d389b5160,020d5ea1a53e,1
1056,5c64a76f031b,4332cd76590d,1
1057,5c64a76f031b,5309619d5958,1
1058,5cb58b248a74,5f65bd0309b0,1
1059,5cf5b8d22fe7,56a246745588,1
1060,5d2f937c3012,6cea179577af,1
1061,5d2f937c3012,b66a7baff55a,2
1062,5d89aee78222,51f380012e3d,1
1063,5dc5bcd84be3,2d7cd510bb3e,1
1064,5e6a68690ab4,575247f7b834,1
1065,5e84079c4601,c9d2b8481d99,1
1066,5e8a21ead848,00e2c609b433,1
1067,5e8a21ead848,d0c9e369bee2,2
1068,5e8a21ead848,e91246f11ce9,1
1069,5e9abe7a56ed,2c33b7dd8542,1
1070,5ef28cdc5b39,48c91416b553,1
1071,5ef28cdc5b39,d034d34cda8a,1
1072,5f5bb9e19f9e,0d0044cacda0,1
1073,5f5bb9e19f9e,76bae15e8ae9,1
1074,5f5bb9e19f9e,8db8db7b9b42,1
1075,5f65bd0309b0,8c99fd9fc5ec,1
1076,5f9e3d4a0fa6,682b73e4ac26,3
1077,5fa6388d5e22,039c20eb5f8b,1
1078,5fa6388d5e22,085b2a38876e,6
1079,5fa6388d5e22,549a2fac47d7,17
1080,5fa6388d5e22,669d78cacaec,1
1081,5fa6388d5e22,a42e815c58f3,3
1082,5fa6388d5e22,c2ab60ea3e17,19
1083,5fa6388d5e22,c310a8251638,1
1084,5ff36bab1247,8a1d282fbc62,4
1085,5ff36bab1247,fecb203bd177,1
1086,6020de3a4997,527fda157ed0,1
1087,6041bbb08b7a,b764ecdc8884,1
1088,609de8094345,56064aa38f88,1
1089,609de8094345,a0b57f287242,1
1090,60fce3eaa53d,96a99d3ea1df,1
1091,60fce3eaa53d,cfe72eb6dd9c,1
1092,6114169e6436,130fb9040d57,1
1093,6114169e6436,3a0e14026c6b,1
1094,6114169e6436,96dfdb0e696f,1
1095,6114169e6436,e4e1f3095d35,1
1096,6114169e6436,fa0cb0b93e1b,1
1097,615ddb10679b,13124c098d9a,1
1098,615ddb10679b,1a3c9e9512ea,1
1099,615ddb10679b,505a0744d613,2
1100,615ddb10679b,5485ec644342,2
1101,615ddb10679b,88c9cc95244b,1
1102,615ddb10679b,a4286709e555,1
1103,615ddb10679b,cbd02d97b073,1
1104,615ddb10679b,cee51a537b73,1
1105,615ddb10679b,d0d282f8e42c,3
1106,615ddb10679b,db1a7ebf3727,2
1107,615ddb10679b,ec76c1111dcd,2
1108,61bb27d39843,4d69e7b48249,1
1109,61bb27d39843,930485bbfab0,1
1110,61bb27d39843,9a72540b319a,1
1111,61bb27d39843,ffdc094ea6d4,1
1112,61c554af9e42,0d6f9709edae,1
1113,61c554af9e42,a14840d04f84,1
1114,6234dafad0c2,9c3a1022a13f,1
1115,624d6c4389c4,6bc6b0f5d2fd,1
1116,62594e910107,2210083ac9e0,1
1117,62c488bbaded,42bfe80fd854,1
1118,62df359b8982,5e6a68690ab4,1
1119,62fb418140a7,ad59c85b2e5f,1
1120,63260177628a,dc964f3dc7ea,1
1121,632cc2a9bf8e,b43a0433ebcd,1
1122,63803285b8e1,6ef173bb0d5d,1
1123,63803285b8e1,8ba5ef4e282b,1
1124,63803285b8e1,cd9b7833bc32,2
1125,63803285b8e1,e0af15d9ad39,1
1126,638333fed90e,b4746c6ec078,1
1127,63889351c5e1,432fc7b6119c,3
1128,63889351c5e1,59933d776452,1
1129,63889351c5e1,f169433b549d,1
1130,63952a79d8fa,02ef16a6c394,2
1131,63952a79d8fa,5b4afb8d2ed6,1
1132,63a8ae3a3555,265b0b21beda,1
1133,648da2ec8785,d079b341029f,1
1134,64c50151e532,20a0b846a834,1
1135,64c50151e532,373a4a16eaf9,2
1136,64c50151e532,3bd625f07792,1
1137,64c50151e532,58839af42ed3,2
1138,64c50151e532,592d6a5d1bf8,2
1139,64c50151e532,638333fed90e,1
1140,64c50151e532,83e7eb77f0f1,1
1141,64c50151e532,8cdba996be62,1
1142,64c50151e532,8e7aa253cdcb,1
1143,64c50151e532,af7707c5ea70,1
1144,64c50151e532,b4746c6ec078,1
1145,64cd896af0df,51e681141116,1
1146,64cd896af0df,64c50151e532,1
1147,64cd896af0df,ad9024097956,1
1148,64cd896af0df,bcce03f625c2,2
1149,64ee62621a64,2f30ec3c0bf3,1
1150,64ee62621a64,c9eb29fe21b7,3
1151,658f473f2903,648da2ec8785,1
1152,65b1818716eb,3e6ea6702421,1
1153,65b1818716eb,fc13e8970bd1,1
1154,65cb10cc4e49,04150f2d5883,1
1155,65cb10cc4e49,57d117317719,1
1156,65cb10cc4e49,8b6463c3d8bf,1
1157,665e392864c3,1242b9443650,1
1158,665e392864c3,3d2e0eb68bb1,1
1159,665e392864c3,483aab8b1f38,1
1160,665e392864c3,61bb27d39843,1
1161,665e392864c3,682b73e4ac26,1
1162,665e392864c3,bd3a48f2c5f7,1
1163,6676c20b3c8e,1f497cde557c,1
1164,6676c20b3c8e,8ff02e119c08,1
1165,6676c20b3c8e,d6d8fb976838,1
1166,6676c20b3c8e,e6f04561c7ee,1
1167,669d78cacaec,1a3c9e9512ea,1
1168,669d78cacaec,505a0744d613,1
1169,669d78cacaec,5485ec644342,1
1170,669d78cacaec,5ff36bab1247,1
1171,669d78cacaec,66d8d848ebc3,1
1172,669d78cacaec,8a1d282fbc62,9
1173,669d78cacaec,a4286709e555,1
1174,669d78cacaec,f3815c11a6aa,1
1175,669d78cacaec,fcf15d230a8e,1
1176,669d78cacaec,fecb203bd177,2
1177,66d8d848ebc3,a4286709e555,1
1178,66d8d848ebc3,b37bb790714e,4
1179,66d8d848ebc3,b659b0bc6172,14
1180,675bfbd015a4,93bf8869354b,1
1181,675bfbd015a4,a7c24c0bcfee,1
1182,675bfbd015a4,d58c3f0ac296,3
1183,675bfbd015a4,d708536983e2,1
1184,679551c92dbc,cc4b353fbba9,1
1185,682b73e4ac26,0e8612e70523,1
1186,682b73e4ac26,0e8cfbcc6331,2
1187,682b73e4ac26,1863b0b035e5,1
1188,682b73e4ac26,45bf2a09d4d9,1
1189,682b73e4ac26,483081937fa8,2
1190,682b73e4ac26,483aab8b1f38,1
1191,682b73e4ac26,56064aa38f88,2
1192,682b73e4ac26,6bebf9fc57b8,1
1193,682b73e4ac26,76bae15e8ae9,1
1194,682b73e4ac26,979ee4d48a6d,1
1195,682b73e4ac26,9a2d94742295,1
1196,682b73e4ac26,d7d5738a319c,1
1197,685d22ae4cc3,518181f12789,1
1198,685d22ae4cc3,cccfc2377e10,2
1199,685d22ae4cc3,e415fa4e3cee,1
1200,685d22ae4cc3,e4e1f3095d35,1
1201,6864a5cf8519,0632dc7a43b1,2
1202,6864a5cf8519,1813d3440861,2
1203,6864a5cf8519,224365f62f68,1
1204,6864a5cf8519,23e5ea1e37f7,3
1205,68722dedde84,6eac02c2ab0d,1
1206,687b0d44610f,4a340903a906,1
1207,687b0d44610f,7695e0f35f09,1
1208,687b0d44610f,c0ab51aef50c,1
1209,68e4188549d4,4e49df6a512b,1
1210,68e4188549d4,7529596f2fed,1
1211,69109a01a2ee,d04adebdef02,1
1212,693d41b8407e,4bd8de3d0456,1
1213,693d41b8407e,bcbbde30efab,1
1214,693d41b8407e,d5317bcfe9d0,1
1215,693d41b8407e,efa23694266f,11
1216,6964f30cf238,5c308ef1a080,1
1217,69ae75e5fcda,a3b17f727233,1
1218,69ae75e5fcda,b21592da48b2,2
1219,69d0b2d86e04,ff54ce7f9bf6,1
1220,6a0fd04b7779,21e1753848a3,1
1221,6a0fd04b7779,33d936f40a65,1
1222,6a0fd04b7779,3eedbbb6b0d7,3
1223,6a0fd04b7779,418001574db2,2
1224,6a0fd04b7779,907bdcbc11fe,1
1225,6a0fd04b7779,9f648e6b3199,1
1226,6a0fd04b7779,af7707c5ea70,1
1227,6a0fd04b7779,d66518132f75,1
1228,6a0fd04b7779,e0ad8c3cc19b,2
1229,6a0fd04b7779,e25ecda54a75,1
1230,6a287a1078c0,19f97769ca89,1
1231,6a287a1078c0,24868390a289,1
1232,6a287a1078c0,73a684568d3d,1
1233,6a3bc2a7df56,2f30ec3c0bf3,1
1234,6a3bc2a7df56,3b8a97e5d597,1
1235,6a3bc2a7df56,518181f12789,1
1236,6a3bc2a7df56,7529596f2fed,1
1237,6a3bc2a7df56,798ddaf4f9cb,3
1238,6a3bc2a7df56,c9eb29fe21b7,1
1239,6a3bc2a7df56,f01bdab01dbc,1
1240,6a508b2eca69,1e61da9318ad,1
1241,6a508b2eca69,5119b118f91d,1
1242,6a508b2eca69,a64332fe1df1,1
1243,6a508b2eca69,c4d605256b4e,1
1244,6a508b2eca69,ec28638a4180,1
1245,6a802d54681c,b68c4830cc9e,1
1246,6abf13b55aea,ad508fd81a92,1
1247,6ad700bedd83,0d9a5484f79e,2
1248,6ad700bedd83,97782f82720e,1
1249,6b25fee98c05,8efb3a60255d,1
1250,6b25fee98c05,c615430ef56c,1
1251,6b25fee98c05,cc4b353fbba9,1
1252,6b25fee98c05,d34272bcc35b,1
1253,6b25fee98c05,ffdc094ea6d4,4
1254,6b75fb8f8fe2,35a6c93873ac,1
1255,6b75fb8f8fe2,373a4a16eaf9,1
1256,6b75fb8f8fe2,73410b280868,1
1257,6b75fb8f8fe2,97a6d21df7c5,1
1258,6b9831220211,ae89ce58d543,1
1259,6bcaea988250,0d6f9709edae,3
1260,6bcaea988250,0f31c318c80a,1
1261,6bcaea988250,5ef28cdc5b39,1
1262,6bcaea988250,675bfbd015a4,1
1263,6bcaea988250,6b75fb8f8fe2,1
1264,6bcaea988250,8c8bf323b8b0,1
1265,6bcaea988250,8efb3a60255d,2
1266,6bcaea988250,d02d2d6e437b,1
1267,6bd19d82fc2f,1d1e4a41d078,1
1268,6be44e92f51f,bcbbde30efab,2
1269,6bebf9fc57b8,5e9abe7a56ed,1
1270,6bebf9fc57b8,930485bbfab0,1
1271,6bebf9fc57b8,c4360e90ba4b,1
1272,6bebf9fc57b8,ca0ac34440ba,1
1273,6bebf9fc57b8,cc4b353fbba9,1
1274,6c10b76d1675,0ae1f16981b6,1
1275,6c10b76d1675,303e652fb5d5,1
1276,6c10b76d1675,f4b32629772f,1
1277,6c1ec2ad4dff,141dc5ae59a8,1
1278,6c99cbaa2778,23cdd018d515,1
1279,6c99cbaa2778,72e3ef7c52cb,1
1280,6cb190544c58,3dfcb2607ca7,1
1281,6cb190544c58,58839af42ed3,2
1282,6cb190544c58,ae89ce58d543,1
1283,6cb190544c58,b4746c6ec078,1
1284,6cea179577af,5d2f937c3012,1
1285,6cea179577af,86ffa533add6,4
1286,6cea179577af,b66a7baff55a,1
1287,6cea179577af,bf803398fe97,1
1288,6cf8044ef1a8,fc1d0cd2fc71,1
1289,6d8baaaff9a8,0c0a866d236e,1
1290,6d8baaaff9a8,2210083ac9e0,1
1291,6d8baaaff9a8,62594e910107,1
1292,6d8baaaff9a8,9c37e7118d74,2
1293,6d8baaaff9a8,c1c182347e49,1
1294,6d8baaaff9a8,dcef788d05b6,1
1295,6dadffb2c738,4d69e7b48249,1
1296,6dadffb2c738,63a8ae3a3555,1
1297,6db329fe658b,557f5337d3e6,1
1298,6dbbf5bcfded,85987b1ac4d7,1
1299,6e41eb862ee6,720499c11059,1
1300,6e81c28f0eaa,4898b2c89209,1
1301,6eac02c2ab0d,7dcf1501322b,1
1302,6eac02c2ab0d,a10710112d2e,1
1303,6ef173bb0d5d,432fc7b6119c,1
1304,6ef173bb0d5d,8ba5ef4e282b,3
1305,6ef173bb0d5d,e02d97fbe3b7,1
1306,6f0adb33aa49,8f998ce5e5d1,1
1307,6f0adb33aa49,e9a73389bd39,1
1308,6f177a3d23d6,c2ab60ea3e17,1
1309,6f1f5bf42259,0632dc7a43b1,2
1310,6f1f5bf42259,10534d4e7a9b,1
1311,6f1f5bf42259,1c196870d209,2
1312,6f1f5bf42259,34d46bd57a61,1
1313,6f1f5bf42259,399bf708025f,1
1314,6f1f5bf42259,47b19f8bd140,1
1315,6f1f5bf42259,b68c4830cc9e,1
1316,6f1f5bf42259,b7108b4935fb,5
1317,6f1f5bf42259,c6ab41a0b97a,1
1318,6f1f5bf42259,fa5e7e54261e,1
1319,6f2af87395c4,1e392e468e57,1
1320,6f2af87395c4,3d482755725e,1
1321,6f7eceeaacb7,065a576c230e,1
1322,6f7eceeaacb7,6c600dbc187c,1
1323,6fd6748dc299,8c3a72f9f814,1
1324,6fd6748dc299,e6f04561c7ee,1
1325,704fabf04c11,2869acd96e48,1
1326,70bf9808036c,b2eaa05bb7f7,1
1327,70f0e8487736,dec8f3b3bfeb,1
1328,7121c17f02e3,4d5ed6fbbcd3,1
1329,7121c17f02e3,9cb6b1104c25,1
1330,7121c17f02e3,fdb5d0d7ade5,1
1331,7182dd431b5c,0604cd3138fe,1
1332,7182dd431b5c,16368b02d04b,1
1333,7182dd431b5c,5344c4110f48,1
1334,7182dd431b5c,549a2fac47d7,2
1335,7182dd431b5c,7edbff0f64f6,1
1336,7182dd431b5c,aee4848a8580,1
1337,7182dd431b5c,c2ab60ea3e17,11
1338,7182dd431b5c,e29fe6324bfa,2
1339,71d8d9487a9d,3b8321fe7f0e,1
1340,71d8d9487a9d,549a2fac47d7,1
1341,71d8d9487a9d,9ed614721c31,1
1342,71d8d9487a9d,b2cc86ae48fd,16
1343,71d8d9487a9d,c8e3e02a93a9,1
1344,71eb1f3265bc,5ceaac1b3e01,1
1345,720499c11059,1e92f6602c56,1
1346,721cf4af683f,d34272bcc35b,4
1347,721cf4af683f,ffdc094ea6d4,1
1348,7243ae377c21,483081937fa8,1
1349,7243ae377c21,980d62c61247,1
1350,7262135db7aa,b08e06598d57,1
1351,72767cdbd518,004cdd85f55a,1
1352,728f1a293713,49be3d65743d,1
1353,72a025714561,34d46bd57a61,1
1354,72a025714561,592d6a5d1bf8,2
1355,72a025714561,8240d223ef8e,3
1356,72a025714561,89c5b40d9fba,1
1357,72a025714561,e988d44433f8,1
1358,72a025714561,f87afe134edc,30
1359,72a025714561,fdb5d0d7ade5,1
1360,72af274646e1,549a2fac47d7,1
1361,72af274646e1,88d1b784dd23,8
1362,72d9dd541c4f,d1821593bed0,1
1363,72e3ef7c52cb,179cf283f9f5,1
1364,72e3ef7c52cb,900149c65f11,1
1365,733f3fda0606,3e6ea6702421,1
1366,733f3fda0606,e4e1f3095d35,1
1367,73410b280868,5876cdb8b0da,1
1368,73410b280868,91131ce71b38,1
1369,73a684568d3d,2e0efa10d4b6,1
1370,73ad46f67b09,0970cc3beac8,1
1371,73ad46f67b09,1de4842b42fa,1
1372,73ad46f67b09,3a0e14026c6b,1
1373,73ad46f67b09,592d6a5d1bf8,1
1374,73ad46f67b09,5c64a76f031b,1
1375,73ad46f67b09,6114169e6436,1
1376,73ad46f67b09,91827d504e2e,1
1377,73ad46f67b09,93fa9dee9e17,1
1378,73ad46f67b09,947d856b880b,1
1379,73ad46f67b09,b9649664bb23,1
1380,74350d2c2d26,2411bc00212d,1
1381,74350d2c2d26,e964bfee919e,1
1382,749ba437ddb7,80909363f160,2
1383,749ba437ddb7,a38280500952,1
1384,749ba437ddb7,e719f90cfd4e,1
1385,749ba437ddb7,f957fc56adc1,2
1386,74ae3cb7f692,f87afe134edc,4
1387,74ed65a2d22a,63889351c5e1,1
1388,7529596f2fed,1f1708e153fd,1
1389,7529596f2fed,3b8a97e5d597,1
1390,7529596f2fed,56b5e147744f,1
1391,7529596f2fed,6a3bc2a7df56,1
1392,7529596f2fed,798ddaf4f9cb,1
1393,7529596f2fed,c9eb29fe21b7,2
1394,7529596f2fed,f138448f1a22,1
1395,7532fc4fba55,0e8612e70523,1
1396,75409fb4fcc0,abf564c67c1a,2
1397,75409fb4fcc0,cb996bd82d2e,1
1398,75409fb4fcc0,f6431a86c346,2
1399,756e370e972c,04426339e55d,1
1400,756e370e972c,59f506beeccd,1
1401,756e370e972c,749ba437ddb7,1
1402,756e370e972c,80909363f160,1
1403,75717d178c38,4e49df6a512b,1
1404,75717d178c38,f01bdab01dbc,1
1405,764dedae61d5,7d802a5c57e7,1
1406,7695e0f35f09,42bfe80fd854,1
1407,7695e0f35f09,4a340903a906,1
1408,7695e0f35f09,d0dc1122c6b8,1
1409,7695e0f35f09,f6f855d3bfc3,1
1410,76bae15e8ae9,0c957eac7ed9,1
1411,76bae15e8ae9,b2c4d369c01a,1
1412,76bae15e8ae9,fc13e8970bd1,1
1413,76e82dec6df1,36b212ef149c,1
1414,76e82dec6df1,6676c20b3c8e,1
1415,76e82dec6df1,8443763abf55,1
1416,76e82dec6df1,8fd133954063,1
1417,76e82dec6df1,f45e340da741,1
1418,76e861eddebb,6f7eceeaacb7,1
1419,771464a988e4,5344c4110f48,1
1420,77f073880db5,1110ad464b46,2
1421,77f073880db5,194409ffe6a5,2
1422,77f073880db5,961cecb58184,2
1423,77f073880db5,b4746c6ec078,1
1424,78168d2921f8,dbaf899fbd96,1
1425,78168d2921f8,f169433b549d,1
1426,78168d2921f8,f6f855d3bfc3,1
1427,7843013a79f1,59933d776452,1
1428,788d97a253ea,6676c20b3c8e,1
1429,788d97a253ea,80909363f160,1
1430,792357bfece3,5119b118f91d,1
1431,798c5a712ffd,dc22707f7ecc,1
1432,798ddaf4f9cb,020d5ea1a53e,5
1433,798ddaf4f9cb,156a414d5f4f,1
1434,798ddaf4f9cb,1f1708e153fd,4
1435,798ddaf4f9cb,2f30ec3c0bf3,5
1436,798ddaf4f9cb,3b8a97e5d597,3
1437,798ddaf4f9cb,4e49df6a512b,1
1438,798ddaf4f9cb,518181f12789,3
1439,798ddaf4f9cb,64ee62621a64,1
1440,798ddaf4f9cb,68e4188549d4,1
1441,798ddaf4f9cb,7529596f2fed,1
1442,798ddaf4f9cb,c9eb29fe21b7,6
1443,798ddaf4f9cb,d6fe2ec0f10e,1
1444,798ddaf4f9cb,e8f248d7a437,1
1445,79b50932dd99,087741e65b10,1
1446,79c56d57697d,0e8b7a7f79b3,1
1447,7a33bef8b88c,39890a61c75d,1
1448,7a33bef8b88c,4523ae90cdb2,1
1449,7a78925fa638,5876cdb8b0da,1
1450,7ac9f0e12937,e988d44433f8,2
1451,7ac9f0e12937,f87afe134edc,1
1452,7b2e5942e205,294cd5558aed,1
1453,7b2e5942e205,511425f1125b,1
1454,7c508dc5b5da,231a19b7c156,1
1455,7c508dc5b5da,596d0c702ba6,1
1456,7c508dc5b5da,a8972f5f21ff,1
1457,7c594c644910,231a19b7c156,1
1458,7c594c644910,373a4a16eaf9,1
1459,7c594c644910,83e7eb77f0f1,1
1460,7c594c644910,8cdba996be62,1
1461,7c594c644910,ae89ce58d543,7
1462,7c62d5d4b438,f7df50fa6de3,1
1463,7cd0b80510ba,b9649664bb23,1
1464,7cffec5b2779,1a3c9e9512ea,25
1465,7cffec5b2779,26e2a5ca39aa,2
1466,7cffec5b2779,a4286709e555,1
1467,7cffec5b2779,c2b38d78fe58,3
1468,7d10e92d7749,8617f3728f3c,4
1469,7d10e92d7749,8e5efe42177f,1
1470,7d10e92d7749,d55bec63f284,2
1471,7d55d6c62061,30857fa417ed,1
1472,7d55d6c62061,c181e9b5dc7b,1
1473,7d802a5c57e7,45bf2a09d4d9,1
1474,7d802a5c57e7,9a2d94742295,1
1475,7d802a5c57e7,ca0ac34440ba,1
1476,7d802a5c57e7,d21a8ac4ba64,1
1477,7d802a5c57e7,e02d97fbe3b7,1
1478,7d802a5c57e7,f169433b549d,1
1479,7d802a5c57e7,f6f855d3bfc3,1
1480,7e04bb9f5afe,3cb694aa163e,1
1481,7e431cb8ac2b,3a6e2b22591e,1
1482,7e5a1e6babd8,179cf283f9f5,1
1483,7edbff0f64f6,f3815c11a6aa,1
1484,7f3541038c0c,58839af42ed3,1
1485,7f3541038c0c,7c594c644910,1
1486,7f3541038c0c,8ff02e119c08,1
1487,7f3541038c0c,ae89ce58d543,1
1488,7f3541038c0c,b4746c6ec078,1
1489,7fb7261ca5ef,1907e0ee827c,2
1490,7fb8baac6d4d,10bb64fa1d28,2
1491,7fb8baac6d4d,a1566aee6d42,4
1492,7fb8baac6d4d,e67c2b4f0c8f,4
1493,80909363f160,1ccb8d961c15,1
1494,80909363f160,749ba437ddb7,1
1495,80909363f160,9cb6b1104c25,1
1496,80909363f160,cf74ccd1faf1,1
1497,80909363f160,d6d8fb976838,1
1498,80909363f160,f957fc56adc1,1
1499,817944c9c685,00e2c609b433,2
1500,817944c9c685,213f6505c6c2,1
1501,817944c9c685,d0c9e369bee2,1
1502,821e1f53f1c2,97fdfdcd51f7,1
1503,821e1f53f1c2,d943da81dc4e,1
1504,822ff29e8047,75717d178c38,1
1505,8240d223ef8e,592d6a5d1bf8,1
1506,8240d223ef8e,72a025714561,2
1507,8240d223ef8e,f87afe134edc,1
1508,824bd8704dd8,0e5275f34e63,1
1509,824c0ed35f11,35cd319dc9c2,1
1510,8318c6586ef3,179cf283f9f5,1
1511,8350242b2df4,6dbbf5bcfded,1
1512,8372369bb901,4772641f101b,15
1513,8372369bb901,542a4f7b4eef,1
1514,83c9d6833ffb,e730440aa17a,1
1515,83c9d6833ffb,fd04adb49c21,1
1516,83e7eb77f0f1,1010859799ff,2
1517,83e7eb77f0f1,20a0b846a834,1
1518,83e7eb77f0f1,373a4a16eaf9,1
1519,83e7eb77f0f1,466e34f3a4b3,1
1520,83e7eb77f0f1,58839af42ed3,1
1521,83e7eb77f0f1,64c50151e532,1
1522,83e7eb77f0f1,7c508dc5b5da,1
1523,83e7eb77f0f1,91827d504e2e,1
1524,83e7eb77f0f1,ae89ce58d543,7
1525,83e7eb77f0f1,b4746c6ec078,2
1526,8443763abf55,f45e340da741,1
1527,85724d7fe46b,f87afe134edc,1
1528,85987b1ac4d7,148031292317,1
1529,8617f3728f3c,499254fc85e1,1
1530,8617f3728f3c,7d10e92d7749,3
1531,862952ddccaf,a56b54e1c593,1
1532,86c69827423d,4df09a20d533,1
1533,86c69827423d,59933d776452,1
1534,86e302bd6517,359db5fb2ec5,1
1535,86f2a0c23daa,63889351c5e1,1
1536,86f2a0c23daa,65b1818716eb,1
1537,86f2a0c23daa,a41b6fde8b21,1
1538,86ffa533add6,5d2f937c3012,1
1539,86ffa533add6,6cea179577af,2
1540,86ffa533add6,b66a7baff55a,1
1541,872665d2d4a0,231c40e62014,1
1542,872665d2d4a0,48ae093b8fec,1
1543,872665d2d4a0,63803285b8e1,1
1544,872665d2d4a0,979ee4d48a6d,1
1545,872665d2d4a0,989b89c4d2d7,1
1546,87557ad1d2f9,41cf091084d6,8
1547,8788caa73920,4d69e7b48249,1
1548,8789c510828e,3c034be74144,1
1549,8789c510828e,9488401a6b5c,1
1550,8789c510828e,970ce027b705,2
1551,88198827bccc,cc4b353fbba9,1
1552,88198827bccc,d37dcec4a235,1
1553,88198827bccc,f9a6a10ad37f,1
1554,8833ec27c2d4,012d3b018a1c,2
1555,88c9cc95244b,505a0744d613,1
1556,88c9cc95244b,5485ec644342,3
1557,88c9cc95244b,615ddb10679b,3
1558,88c9cc95244b,cee51a537b73,1
1559,88c9cc95244b,ec76c1111dcd,1
1560,88d1b784dd23,24c988b91198,99
1561,88d1b784dd23,3b8321fe7f0e,1
1562,88d1b784dd23,3c26647d844c,34
1563,88d1b784dd23,5344c4110f48,1
1564,88d1b784dd23,549a2fac47d7,7
1565,88d1b784dd23,72af274646e1,8
1566,88d1b784dd23,a42e815c58f3,3
1567,88d1b784dd23,aad67d5ee256,1
1568,88d1b784dd23,ad508fd81a92,10
1569,88d1b784dd23,b28a999c0fba,16
1570,88d1b784dd23,b2cc86ae48fd,5
1571,88d1b784dd23,bdc1b757e4d4,4
1572,88d1b784dd23,c2ab60ea3e17,1
1573,89c5b40d9fba,0dfcebf485c2,1
1574,89c5b40d9fba,130fb9040d57,1
1575,89c5b40d9fba,b65d4ccbd731,2
1576,89e36445b7ee,caf5e102fd83,1
1577,8a1d282fbc62,1a3c9e9512ea,2
1578,8a1d282fbc62,26e2a5ca39aa,1
1579,8a1d282fbc62,5485ec644342,3
1580,8a1d282fbc62,557f5337d3e6,1
1581,8a1d282fbc62,593b0c98270c,1
1582,8a1d282fbc62,5ff36bab1247,3
1583,8a1d282fbc62,669d78cacaec,14
1584,8a1d282fbc62,a4286709e555,3
1585,8a1d282fbc62,b659b0bc6172,7
1586,8a1d282fbc62,cee51a537b73,1
1587,8a1d282fbc62,e969edf3b34e,1
1588,8a1d282fbc62,ec76c1111dcd,1
1589,8a1d282fbc62,fecb203bd177,1
1590,8b3b888b566d,56cc405eb71a,2
1591,8b6463c3d8bf,3802a8d0f0fd,1
1592,8b852b0b30d4,169a495eb426,1
1593,8ba5ef4e282b,3d2e0eb68bb1,1
1594,8ba5ef4e282b,483aab8b1f38,1
1595,8ba5ef4e282b,51e681141116,1
1596,8ba5ef4e282b,56064aa38f88,1
1597,8ba5ef4e282b,682b73e4ac26,1
1598,8ba5ef4e282b,7d802a5c57e7,2
1599,8ba5ef4e282b,86f2a0c23daa,1
1600,8ba5ef4e282b,9a2d94742295,1
1601,8ba5ef4e282b,a9a0b0986b33,1
1602,8c00431d1986,4459b2909cef,1
1603,8c8bf323b8b0,8efb3a60255d,1
1604,8c8bf323b8b0,bb0a6ed87fd9,1
1605,8cb4e2e95bef,3b8321fe7f0e,5
1606,8cb4e2e95bef,549a2fac47d7,1
1607,8cb4e2e95bef,ad508fd81a92,1
1608,8cb4e2e95bef,fcf15d230a8e,1
1609,8cdba996be62,194409ffe6a5,1
1610,8cdba996be62,373a4a16eaf9,6
1611,8cdba996be62,3bd625f07792,1
1612,8cdba996be62,4860fb4eca2b,2
1613,8cdba996be62,4ede76d3a446,1
1614,8cdba996be62,545c0551165b,1
1615,8cdba996be62,58839af42ed3,3
1616,8cdba996be62,6b9831220211,1
1617,8cdba996be62,7695e0f35f09,1
1618,8cdba996be62,7c594c644910,1
1619,8cdba996be62,7f3541038c0c,1
1620,8cdba996be62,83e7eb77f0f1,1
1621,8cdba996be62,ae89ce58d543,12
1622,8cdba996be62,b4746c6ec078,3
1623,8cdba996be62,cccfc2377e10,4
1624,8db8db7b9b42,13450f1f8510,1
1625,8db8db7b9b42,1d1e4a41d078,1
1626,8db8db7b9b42,2be68bedd48c,1
1627,8db8db7b9b42,5f5bb9e19f9e,1
1628,8db8db7b9b42,6b25fee98c05,1
1629,8db8db7b9b42,872665d2d4a0,1
1630,8db8db7b9b42,930485bbfab0,1
1631,8db8db7b9b42,f6f855d3bfc3,1
1632,8db8db7b9b42,ffdc094ea6d4,5
1633,8e5efe42177f,179cf283f9f5,1
1634,8e5efe42177f,2d769adc12c4,1
1635,8e5efe42177f,386870509dc7,1
1636,8e5efe42177f,57d117317719,1
1637,8e5efe42177f,8617f3728f3c,1
1638,8e736664e4aa,f169433b549d,1
1639,8e7aa253cdcb,130fb9040d57,1
1640,8e7aa253cdcb,33167bac2de0,1
1641,8e7aa253cdcb,6a0fd04b7779,1
1642,8e9ebdb230fd,2dfe1893e251,1
1643,8efb3a60255d,279639f1d002,1
1644,8efb3a60255d,6bcaea988250,1
1645,8efb3a60255d,74ed65a2d22a,1
1646,8efb3a60255d,e4ed4d14170e,1
1647,8f9513f7e773,fdb5d0d7ade5,1
1648,8f998ce5e5d1,c4bbd239f8a2,1
1649,8f998ce5e5d1,cc5295912db2,1
1650,8fc27533fb0a,47a3740e77c4,3
1651,8fc27533fb0a,ae92ca1ecdbf,2
1652,8fc27533fb0a,b10b20823f57,2
1653,8fc27533fb0a,becb10632805,2
1654,8fc27533fb0a,c6b0026f2209,1
1655,8fc27533fb0a,f8764d062171,1
1656,8fd133954063,33167bac2de0,1
1657,8fd133954063,6bcaea988250,1
1658,8ff02e119c08,130fb9040d57,1
1659,8ff02e119c08,91827d504e2e,1
1660,900149c65f11,499254fc85e1,1
1661,900ec63917ba,11c9978abd32,1
1662,900ec63917ba,4f112085958d,1
1663,900ec63917ba,557f5337d3e6,5
1664,900ec63917ba,b103b4b46639,3
1665,900ec63917ba,f4b32629772f,1
1666,900ec63917ba,fecb203bd177,1
1667,903dfd28f687,5e9abe7a56ed,1
1668,907bdcbc11fe,0f31c318c80a,1
1669,907bdcbc11fe,5a96962eec8e,1
1670,907bdcbc11fe,72a025714561,1
1671,907bdcbc11fe,91131ce71b38,1
1672,907bdcbc11fe,9f54f400f518,1
1673,907bdcbc11fe,e0ad8c3cc19b,1
1674,90a8102dd08e,c0db09a41ae7,1
1675,90a8102dd08e,ef34effae91f,1
1676,90bbc9533a02,1bd50a482b54,1
1677,90bbc9533a02,c6f5c46f9e3d,1
1678,91131ce71b38,2809dac9ae84,1
1679,91131ce71b38,bf803398fe97,4
1680,911b1566cca8,e9ca87a20ed2,2
1681,9160bec81d69,1a3c9e9512ea,3
1682,9160bec81d69,593b0c98270c,1
1683,9160bec81d69,7cffec5b2779,5
1684,9160bec81d69,c2b38d78fe58,1
1685,91827d504e2e,12007f07fca5,1
1686,91827d504e2e,130fb9040d57,1
1687,91827d504e2e,466e34f3a4b3,1
1688,91827d504e2e,8ff02e119c08,1
1689,91827d504e2e,947d856b880b,1
1690,91827d504e2e,a6ebcb693e61,1
1691,91827d504e2e,aeda27270ccb,1
1692,91827d504e2e,aee336a1d75a,3
1693,91827d504e2e,e6f04561c7ee,1
1694,91a73fd806ab,2dfe1893e251,1
1695,91a73fd806ab,a42e815c58f3,1
1696,91a73fd806ab,fe9867174ca9,2
1697,91b8ade6fa60,4374c519fb76,1
1698,91f0092e4068,4bbcec8e8147,50
1699,91f6284d5363,9e15db34897b,1
1700,92480b4e17d7,1615dc1e029e,1
1701,928c88cd245c,9ed477a57b1c,1
1702,928c88cd245c,bf9e705d0081,1
1703,930485bbfab0,13450f1f8510,1
1704,930485bbfab0,496340ac7821,1
1705,930485bbfab0,6b25fee98c05,1
1706,930485bbfab0,8788caa73920,1
1707,930485bbfab0,ffdc094ea6d4,1
1708,93bf8869354b,54b1cbe702d6,1
1709,93bf8869354b,d58c3f0ac296,1
1710,93fa9dee9e17,91827d504e2e,1
1711,9435e5349e58,907bdcbc11fe,1
1712,947d856b880b,6a508b2eca69,1
1713,947d856b880b,b9649664bb23,1
1714,94838f458b4b,7695e0f35f09,1
1715,9488401a6b5c,0c0a866d236e,1
1716,9488401a6b5c,2210083ac9e0,2
1717,9488401a6b5c,9c37e7118d74,1
1718,949a0f8063c7,a38280500952,1
1719,956ab4ec8296,263522fa2776,1
1720,95ce2ca4f8bc,a2f4daa4e96b,1
1721,95d2d760ea8c,592d6a5d1bf8,1
1722,961cecb58184,1110ad464b46,2
1723,961cecb58184,194409ffe6a5,3
1724,961cecb58184,77f073880db5,3
1725,961cecb58184,a4231df40681,1
1726,965ed7552e48,885a1ff0cbf9,1
1727,96a99d3ea1df,73e2cab971d7,1
1728,96dfdb0e696f,7121c17f02e3,1
1729,96dfdb0e696f,c094d2575323,1
1730,970ce027b705,8789c510828e,1
1731,970ce027b705,d6d824abba4a,1
1732,97782f82720e,0d9a5484f79e,1
1733,97782f82720e,3eedbbb6b0d7,1
1734,97782f82720e,432fc7b6119c,1
1735,97782f82720e,63803285b8e1,1
1736,97782f82720e,665e392864c3,1
1737,97782f82720e,6ad700bedd83,1
1738,97782f82720e,749ba437ddb7,1
1739,97782f82720e,86f2a0c23daa,1
1740,97782f82720e,8ba5ef4e282b,1
1741,97782f82720e,8e7aa253cdcb,1
1742,97782f82720e,cd9b7833bc32,1
1743,979ee4d48a6d,0e8612e70523,1
1744,979ee4d48a6d,1863b0b035e5,1
1745,979ee4d48a6d,682b73e4ac26,2
1746,979ee4d48a6d,8833ec27c2d4,2
1747,979ee4d48a6d,9fe0c667ff88,2
1748,979ee4d48a6d,b2c4d369c01a,1
1749,97a6d21df7c5,373a4a16eaf9,1
1750,97a6d21df7c5,6b75fb8f8fe2,2
1751,97a6d21df7c5,f223bccd09b2,1
1752,97fdfdcd51f7,04bd4bb8b787,1
1753,97fdfdcd51f7,61c554af9e42,1
1754,97fdfdcd51f7,fe9701b3fdd6,1
1755,980d62c61247,0e3803a9c736,1
1756,980d62c61247,48c91416b553,1
1757,9815d856f72a,d02af9b90375,1
1758,98493e8553f8,11c9978abd32,1
1759,98493e8553f8,b28a999c0fba,1
1760,989b89c4d2d7,721cf4af683f,1
1761,989b89c4d2d7,872665d2d4a0,2
1762,98b754af76c6,7d802a5c57e7,1
1763,995d9379aaac,260d66f31596,2
1764,995d9379aaac,45bf2a09d4d9,2
1765,995d9379aaac,749ba437ddb7,1
1766,9a2d94742295,63889351c5e1,3
1767,9a2d94742295,65b1818716eb,1
1768,9a2d94742295,682b73e4ac26,1
1769,9a2d94742295,8db8db7b9b42,1
1770,9a2d94742295,d34272bcc35b,1
1771,9a4a675dbeb6,90a8102dd08e,1
1772,9a4a675dbeb6,91131ce71b38,1
1773,9a72540b319a,260d66f31596,1
1774,9a72540b319a,cff48f47e179,1
1775,9a72540b319a,f169433b549d,1
1776,9aa14d633db8,50825d7e9707,1
1777,9abddc3ac015,a0ff9ea48baf,1
1778,9b21b03d9048,1f1708e153fd,1
1779,9b78f35e0196,9e8a2a741363,1
1780,9c37e7118d74,0c0a866d236e,9
1781,9c37e7118d74,6d8baaaff9a8,4
1782,9c37e7118d74,dcef788d05b6,1
1783,9c3a1022a13f,4fe7e6f1705d,1
1784,9c3a67317761,63260177628a,1
1785,9c3a67317761,a14840d04f84,1
1786,9cb6b1104c25,69ae75e5fcda,1
1787,9cb6b1104c25,7121c17f02e3,1
1788,9cb6b1104c25,a62136c5d05e,1
1789,9cb6b1104c25,e0688b1a2f32,1
1790,9cdfc7ef3e24,b2cc86ae48fd,1
1791,9cdfc7ef3e24,c8e3e02a93a9,1
1792,9cf4e37076e3,8a1d282fbc62,1
1793,9da4bc182d75,ec289e50fea2,1
1794,9e15db34897b,91f6284d5363,1
1795,9e8a2a741363,e0ad8c3cc19b,1
1796,9ed477a57b1c,3f7d91959faa,1
1797,9ed477a57b1c,4a340903a906,1
1798,9ed477a57b1c,687b0d44610f,1
1799,9ed477a57b1c,f87afe134edc,1
1800,9ed5ef1679a0,5e8a21ead848,1
1801,9ed614721c31,0320528adcce,1
1802,9ed614721c31,2dfe1893e251,6
1803,9ed614721c31,3b8321fe7f0e,3
1804,9ed614721c31,549a2fac47d7,5
1805,9ed614721c31,557f5337d3e6,1
1806,9ed614721c31,88d1b784dd23,2
1807,9ed614721c31,98493e8553f8,1
1808,9ed614721c31,a02a7093edbc,27
1809,9ed614721c31,ad508fd81a92,2
1810,9ed614721c31,b28a999c0fba,4
1811,9ed614721c31,b2cc86ae48fd,2
1812,9ed614721c31,c2ab60ea3e17,4
1813,9ed614721c31,c310a8251638,20
1814,9ed614721c31,e0ad8c3cc19b,1
1815,9ed614721c31,fe9867174ca9,4
1816,9f54f400f518,521ea7615119,1
1817,9f648e6b3199,6a0fd04b7779,1
1818,9f9093973314,69109a01a2ee,1
1819,9f9093973314,a1af79fbc6f1,1
1820,9f9093973314,d04adebdef02,1
1821,9fe0c667ff88,7b2e5942e205,1
1822,9fe0c667ff88,995d9379aaac,2
1823,9fe0c667ff88,b2c4d369c01a,3
1824,9fe0c667ff88,ef5944bed216,1
1825,a02a7093edbc,2dfe1893e251,3
1826,a02a7093edbc,3b8321fe7f0e,1
1827,a02a7093edbc,549a2fac47d7,2
1828,a02a7093edbc,8a1d282fbc62,1
1829,a02a7093edbc,9ed614721c31,27
1830,a02a7093edbc,a42e815c58f3,1
1831,a02a7093edbc,ad508fd81a92,1
1832,a02a7093edbc,b3a8e0e1f9ab,1
1833,a02a7093edbc,c2ab60ea3e17,3
1834,a02a7093edbc,c310a8251638,5
1835,a02a7093edbc,fe9867174ca9,4
1836,a04f132c7c93,bcce03f625c2,1
1837,a04f132c7c93,e74d3069d3a0,1
1838,a08a6e69c486,53d24a7f2dcc,1
1839,a09f77cd158f,821e1f53f1c2,1
1840,a0b57f287242,2b6835698ec8,1
1841,a0b57f287242,476d2c8a91fa,1
1842,a0b57f287242,8db8db7b9b42,2
1843,a0b57f287242,cc4b353fbba9,6
1844,a0b57f287242,d34272bcc35b,1
1845,a0b57f287242,f6f855d3bfc3,1
1846,a0b57f287242,f869fefc282b,1
1847,a0ff9ea48baf,340cd88affc1,1
1848,a10710112d2e,294cd5558aed,1
1849,a10710112d2e,f869fefc282b,1
1850,a14840d04f84,88198827bccc,1
1851,a1566aee6d42,36c1cc2f9d70,1
1852,a1566aee6d42,7fb8baac6d4d,5
1853,a1566aee6d42,b37bb790714e,1
1854,a1566aee6d42,bde25795dea6,3
1855,a1566aee6d42,e969edf3b34e,1
1856,a1af79fbc6f1,010e171b58be,2
1857,a1af79fbc6f1,c3aab9310a31,2
1858,a20a2b7bb084,140bef944914,1
1859,a20a2b7bb084,39890a61c75d,1
1860,a20a2b7bb084,5119b118f91d,1
1861,a20a2b7bb084,c6f5c46f9e3d,1
1862,a20a2b7bb084,e83de2a50225,1
1863,a20a2b7bb084,f963ae8dced6,1
1864,a291838ef379,ba2d97232907,1
1865,a2a4f4149655,0e3de9e49647,1
1866,a2f4daa4e96b,d005282f09ad,1
1867,a2f4daa4e96b,d20def23786c,1
1868,a310cacc373e,682b73e4ac26,1
1869,a310cacc373e,f6f855d3bfc3,2
1870,a3693c397d81,c6f5c46f9e3d,1
1871,a38280500952,2a00d0014618,1
1872,a38280500952,2fbaf708d69b,1
1873,a38280500952,69d0b2d86e04,1
1874,a38280500952,c3867352aab6,1
1875,a3b17f727233,2bbf50bec57a,1
1876,a3b17f727233,69ae75e5fcda,1
1877,a3b17f727233,72767cdbd518,1
1878,a3b17f727233,b21592da48b2,1
1879,a3b17f727233,cf74ccd1faf1,1
1880,a40c943151f1,d0ea28283d46,1
1881,a41b6fde8b21,00238fee2b4c,1
1882,a41b6fde8b21,2e57ab2001f6,1
1883,a41b6fde8b21,4459b2909cef,1
1884,a4231df40681,20a0b846a834,1
1885,a4231df40681,373a4a16eaf9,1
1886,a4231df40681,4860fb4eca2b,1
1887,a4231df40681,68e4188549d4,1
1888,a4231df40681,7c594c644910,3
1889,a4231df40681,7f3541038c0c,2
1890,a4231df40681,ae89ce58d543,6
1891,a4231df40681,b4746c6ec078,1
1892,a4231df40681,cccfc2377e10,3
1893,a4286709e555,1a3c9e9512ea,4
1894,a4286709e555,2a13a24897aa,1
1895,a4286709e555,505a0744d613,1
1896,a4286709e555,615ddb10679b,1
1897,a4286709e555,66d8d848ebc3,1
1898,a4286709e555,8a1d282fbc62,3
1899,a4286709e555,b659b0bc6172,5
1900,a4286709e555,dba8d675d13a,1
1901,a4286709e555,fecb203bd177,14
1902,a42e815c58f3,039c20eb5f8b,12
1903,a42e815c58f3,0622caefe523,52
1904,a42e815c58f3,085b2a38876e,11
1905,a42e815c58f3,11c9978abd32,26
1906,a42e815c58f3,3b8321fe7f0e,2
1907,a42e815c58f3,549a2fac47d7,6
1908,a42e815c58f3,88d1b784dd23,8
1909,a42e815c58f3,a6be835812fa,9
1910,a42e815c58f3,ad508fd81a92,3
1911,a42e815c58f3,b2cc86ae48fd,3
1912,a42e815c58f3,b3a8e0e1f9ab,1
1913,a42e815c58f3,c2ab60ea3e17,2
1914,a42e815c58f3,c9b65aa4356d,1
1915,a42e815c58f3,fcf15d230a8e,1
1916,a4b1f95ddfa1,432fc7b6119c,1
1917,a4b1f95ddfa1,cac740f29742,1
1918,a56b54e1c593,73ad46f67b09,1
1919,a62136c5d05e,a38280500952,1
1920,a62136c5d05e,e0688b1a2f32,1
1921,a64332fe1df1,6a508b2eca69,1
1922,a64332fe1df1,e3e18f8d188c,1
1923,a654e3581d9b,5c4d389b5160,1
1924,a6be835812fa,039c20eb5f8b,1
1925,a6be835812fa,0622caefe523,3
1926,a6be835812fa,085b2a38876e,2
1927,a6be835812fa,11c9978abd32,2
1928,a6be835812fa,a42e815c58f3,7
1929,a6be835812fa,c2ab60ea3e17,2
1930,a6c640023cd6,70f0e8487736,1
1931,a6c640023cd6,b4746c6ec078,1
1932,a6ebcb693e61,64c50151e532,1
1933,a6ebcb693e61,7c594c644910,1
1934,a6ebcb693e61,91827d504e2e,1
1935,a7091d75bf49,9a72540b319a,1
1936,a71e60b1e54e,ad9024097956,1
1937,a7376fc8b98a,140bef944914,1
1938,a7376fc8b98a,bed098e33b7d,1
1939,a7c24c0bcfee,5fa75ee2c538,1
1940,a83a9779a29c,615ddb10679b,1
1941,a83a9779a29c,b103b4b46639,1
1942,a83a9779a29c,ba2d97232907,1
1943,a83a9779a29c,f4b32629772f,1
1944,a8972f5f21ff,8ba5ef4e282b,1
1945,a8972f5f21ff,9422370500e7,1
1946,a89d6642c31c,b870082ba75d,1
1947,a991b89eed28,57e7113182a6,1
1948,a991b89eed28,ec0a3837d40c,1
1949,a9a0b0986b33,45bf2a09d4d9,2
1950,a9a0b0986b33,bd3a48f2c5f7,1
1951,a9a0b0986b33,d66518132f75,1
1952,a9a0b0986b33,d7ae93da3f90,1
1953,aa31d99aef73,4bd8de3d0456,1
1954,aa350cd9c859,73ad46f67b09,2
1955,aa8208824668,08eb507fdfc2,1
1956,aa8208824668,483aab8b1f38,1
1957,abcf0898f37c,110e600290fd,1
1958,abcf0898f37c,9f9093973314,1
1959,abf564c67c1a,75409fb4fcc0,3
1960,abf564c67c1a,f6431a86c346,2
1961,acfee9c442be,ca81f29fc3a5,1
1962,ad508fd81a92,039c20eb5f8b,10
1963,ad508fd81a92,24c988b91198,3
1964,ad508fd81a92,2559fc0f2cdc,2
1965,ad508fd81a92,3b8321fe7f0e,85
1966,ad508fd81a92,50b98505c582,1
1967,ad508fd81a92,549a2fac47d7,2
1968,ad508fd81a92,88d1b784dd23,7
1969,ad508fd81a92,98493e8553f8,1
1970,ad508fd81a92,9ed614721c31,3
1971,ad508fd81a92,a42e815c58f3,1
1972,ad508fd81a92,b2cc86ae48fd,5
1973,ad508fd81a92,c2ab60ea3e17,6
1974,ad59c85b2e5f,4d69e7b48249,1
1975,ad59c85b2e5f,a9a0b0986b33,1
1976,ad9024097956,2dacf50307a2,2
1977,ad9024097956,453afb3d310d,1
1978,ad9024097956,64cd896af0df,1
1979,ae5da5716b41,56a759db2be4,1
1980,ae5da5716b41,b5871f9c7958,1
1981,ae89ce58d543,1010859799ff,18
1982,ae89ce58d543,20a0b846a834,5
1983,ae89ce58d543,20a499262136,1
1984,ae89ce58d543,373a4a16eaf9,17
1985,ae89ce58d543,3dc6664cbe8b,1
1986,ae89ce58d543,4860fb4eca2b,1
1987,ae89ce58d543,4ede76d3a446,1
1988,ae89ce58d543,51e681141116,1
1989,ae89ce58d543,58839af42ed3,14
1990,ae89ce58d543,592d6a5d1bf8,3
1991,ae89ce58d543,638333fed90e,1
1992,ae89ce58d543,64c50151e532,1
1993,ae89ce58d543,7c594c644910,2
1994,ae89ce58d543,83e7eb77f0f1,2
1995,ae89ce58d543,8cdba996be62,17
1996,ae89ce58d543,a4231df40681,9
1997,ae89ce58d543,b4746c6ec078,1
1998,ae89ce58d543,cccfc2377e10,16
1999,ae89ce58d543,da6f09abbb21,1
2000,ae89ce58d543,db91b5893a03,1
2001,ae89ce58d543,ff2ff06d882c,1
2002,ae92ca1ecdbf,3d81c44aaca8,1
2003,ae92ca1ecdbf,47a3740e77c4,3
2004,ae92ca1ecdbf,8fc27533fb0a,3
2005,ae92ca1ecdbf,becb10632805,5
2006,aecef364029f,1e61da9318ad,6
2007,aecef364029f,3dc6664cbe8b,8
2008,aecef364029f,5119b118f91d,1
2009,aecef364029f,51e681141116,28
2010,aecef364029f,72a025714561,1
2011,aecef364029f,b51e45a12fba,12
2012,aeda27270ccb,c06f8d737725,1
2013,aeda27270ccb,e9d09d26ed26,1
2014,aee336a1d75a,73ad46f67b09,1
2015,aee336a1d75a,91827d504e2e,1
2016,aee336a1d75a,e988d44433f8,1
2017,aee4848a8580,36c1cc2f9d70,1
2018,aee4848a8580,6c10b76d1675,2
2019,aee4848a8580,a291838ef379,1
2020,aee4848a8580,bc731ab57fe7,1
2021,af478e5f329e,9ed477a57b1c,1
2022,af7707c5ea70,418001574db2,3
2023,af7707c5ea70,51e681141116,1
2024,af7707c5ea70,6a0fd04b7779,3
2025,af7707c5ea70,e25ecda54a75,2
2026,af7707c5ea70,e719f90cfd4e,1
2027,af7707c5ea70,e988d44433f8,1
2028,af773452206f,2a13a24897aa,1
2029,af773452206f,445553f40763,1
2030,af773452206f,52b403a5afce,2
2031,af773452206f,b659b0bc6172,1
2032,af773452206f,e969edf3b34e,2
2033,af773452206f,ed8b33038fc5,1
2034,af8aaa6ab480,2d510a41791a,2
2035,af956f342c1c,bb04b9e42f96,1
2036,b08e06598d57,e83de2a50225,1
2037,b0cb6fef5be0,085b2a38876e,1
2038,b0cb6fef5be0,669d78cacaec,1
2039,b103b4b46639,2a96810f857c,1
2040,b103b4b46639,6c10b76d1675,1
2041,b103b4b46639,900ec63917ba,3
2042,b103b4b46639,c6bf1113e45c,2
2043,b103b4b46639,f4b32629772f,1
2044,b10b20823f57,72a025714561,1
2045,b10b20823f57,8fc27533fb0a,2
2046,b10b20823f57,becb10632805,1
2047,b10b20823f57,f87afe134edc,1
2048,b10fd0da0efc,0b7c17df5c93,4
2049,b10fd0da0efc,2411bc00212d,2
2050,b10fd0da0efc,2a96810f857c,1
2051,b1ac350b6a4e,2934118e292b,1
2052,b1d705bf58a2,f2c9a98106fe,1
2053,b21592da48b2,1ccb8d961c15,2
2054,b21592da48b2,af7707c5ea70,1
2055,b21592da48b2,cf74ccd1faf1,1
2056,b21b2845209a,994fb385888c,1
2057,b22af9413749,2669177e036f,1
2058,b22af9413749,e801fdfd3b13,1
2059,b26f2fdfb616,27dce682e1ad,1
2060,b28a999c0fba,11c9978abd32,5
2061,b28a999c0fba,24c988b91198,5
2062,b28a999c0fba,88d1b784dd23,13
2063,b2c4d369c01a,979ee4d48a6d,1
2064,b2c4d369c01a,995d9379aaac,2
2065,b2c4d369c01a,9fe0c667ff88,1
2066,b2c4d369c01a,a9a0b0986b33,1
2067,b2c4d369c01a,ef5944bed216,2
2068,b2c4d369c01a,f169433b549d,1
2069,b2cc86ae48fd,039c20eb5f8b,1
2070,b2cc86ae48fd,085b2a38876e,5
2071,b2cc86ae48fd,11c9978abd32,2
2072,b2cc86ae48fd,2dfe1893e251,1
2073,b2cc86ae48fd,3b8321fe7f0e,2
2074,b2cc86ae48fd,549a2fac47d7,11
2075,b2cc86ae48fd,5b4afb8d2ed6,1
2076,b2cc86ae48fd,5fa6388d5e22,2
2077,b2cc86ae48fd,71d8d9487a9d,17
2078,b2cc86ae48fd,88d1b784dd23,5
2079,b2cc86ae48fd,9cdfc7ef3e24,1
2080,b2cc86ae48fd,a42e815c58f3,4
2081,b2cc86ae48fd,ad508fd81a92,3
2082,b2cc86ae48fd,c2ab60ea3e17,2
2083,b2cc86ae48fd,c8e3e02a93a9,7
2084,b2cc86ae48fd,fe9867174ca9,2
2085,b2eaa05bb7f7,437c496b1e80,1
2086,b2eaa05bb7f7,6a287a1078c0,1
2087,b37bb790714e,66d8d848ebc3,1
2088,b37bb790714e,a1566aee6d42,1
2089,b37bb790714e,b659b0bc6172,15
2090,b37bb790714e,b9cc85845b21,1
2091,b37bb790714e,fecb203bd177,1
2092,b38c5c5e7430,4b8a6b03018a,1
2093,b3a8e0e1f9ab,24c988b91198,2
2094,b3a8e0e1f9ab,3c26647d844c,2
2095,b3a8e0e1f9ab,549a2fac47d7,4
2096,b3a8e0e1f9ab,c2ab60ea3e17,1
2097,b43a0433ebcd,50825d7e9707,1
2098,b4746c6ec078,1110ad464b46,1
2099,b4746c6ec078,194409ffe6a5,1
2100,b4746c6ec078,373a4a16eaf9,6
2101,b4746c6ec078,3dfcb2607ca7,1
2102,b4746c6ec078,4860fb4eca2b,1
2103,b4746c6ec078,5083dd92b927,1
2104,b4746c6ec078,58839af42ed3,1
2105,b4746c6ec078,83e7eb77f0f1,1
2106,b4746c6ec078,8cdba996be62,3
2107,b4746c6ec078,a4231df40681,3
2108,b4746c6ec078,ae89ce58d543,4
2109,b4746c6ec078,cccfc2377e10,2
2110,b505fa10b373,268de994ffff,1
2111,b50f932fa4b2,2b6835698ec8,1
2112,b50f932fa4b2,a0b57f287242,1
2113,b50f932fa4b2,b8a3a094fb6d,1
2114,b51e45a12fba,1e61da9318ad,7
2115,b51e45a12fba,3dc6664cbe8b,3
2116,b51e45a12fba,51e681141116,15
2117,b51e45a12fba,aecef364029f,17
2118,b51e45a12fba,f169433b549d,2
2119,b51e45a12fba,f73f5f09fd62,1
2120,b5871f9c7958,56a759db2be4,1
2121,b5871f9c7958,b5a06de73f4b,1
2122,b5871f9c7958,dd9aeb023009,1
2123,b644c82ec98a,8e5efe42177f,1
2124,b659b0bc6172,1a3c9e9512ea,4
2125,b659b0bc6172,2a13a24897aa,1
2126,b659b0bc6172,2ecda2b2aa5b,1
2127,b659b0bc6172,445553f40763,1
2128,b659b0bc6172,5485ec644342,2
2129,b659b0bc6172,593b0c98270c,3
2130,b659b0bc6172,669d78cacaec,3
2131,b659b0bc6172,66d8d848ebc3,18
2132,b659b0bc6172,7cffec5b2779,1
2133,b659b0bc6172,8a1d282fbc62,8
2134,b659b0bc6172,9ed614721c31,1
2135,b659b0bc6172,a4286709e555,4
2136,b659b0bc6172,ad508fd81a92,1
2137,b659b0bc6172,b37bb790714e,17
2138,b659b0bc6172,db1a7ebf3727,2
2139,b659b0bc6172,e969edf3b34e,1
2140,b659b0bc6172,fecb203bd177,11
2141,b66a7baff55a,6cea179577af,3
2142,b66a7baff55a,86ffa533add6,3
2143,b68c4830cc9e,04bf2867f7e7,1
2144,b68c4830cc9e,0632dc7a43b1,1
2145,b68c4830cc9e,1c196870d209,1
2146,b68c4830cc9e,23e5ea1e37f7,7
2147,b68c4830cc9e,2521ef9e54ff,1
2148,b68c4830cc9e,34d46bd57a61,2
2149,b68c4830cc9e,6864a5cf8519,2
2150,b68c4830cc9e,6f1f5bf42259,3
2151,b7108b4935fb,0632dc7a43b1,1
2152,b7108b4935fb,1813d3440861,2
2153,b7108b4935fb,23e5ea1e37f7,7
2154,b7108b4935fb,2521ef9e54ff,5
2155,b7108b4935fb,48090555853d,1
2156,b7108b4935fb,6f1f5bf42259,4
2157,b764ecdc8884,033f42d8a29e,1
2158,b764ecdc8884,277db1a67434,1
2159,b764ecdc8884,6041bbb08b7a,2
2160,b764ecdc8884,fa5b4360fb10,1
2161,b789f4e82d98,6114169e6436,1
2162,b789f4e82d98,a6ebcb693e61,1
2163,b789f4e82d98,ee79cb988b51,1
2164,b870082ba75d,2074b74fbf8b,1
2165,b870082ba75d,cf74ccd1faf1,1
2166,b8a3a094fb6d,004cdd85f55a,1
2167,b8a3a094fb6d,bbc18deafe1b,1
2168,b92ee2af0e07,42bfe80fd854,1
2169,b92ee2af0e07,69d0b2d86e04,1
2170,b92ee2af0e07,6f7eceeaacb7,1
2171,b92ee2af0e07,868e9edb67ef,1
2172,b92ee2af0e07,97fdfdcd51f7,1
2173,b92ee2af0e07,9c3a67317761,1
2174,b92ee2af0e07,ff54ce7f9bf6,1
2175,b9649664bb23,73ad46f67b09,1
2176,b9649664bb23,91827d504e2e,2
2177,b9cc85845b21,63952a79d8fa,2
2178,ba1627e0b838,7db0f55c35a6,1
2179,ba2d97232907,3b8321fe7f0e,4
2180,ba2d97232907,900ec63917ba,1
2181,bae73c074541,63803285b8e1,1
2182,bae73c074541,a0b57f287242,3
2183,bae73c074541,bc1295b20a16,1
2184,bae73c074541,cc4b353fbba9,1
2185,bae9aa4081f8,7e431cb8ac2b,1
2186,bae9aa4081f8,e988d44433f8,1
2187,bb0a6ed87fd9,62df359b8982,1
2188,bb33f6b371bd,30ec1ae05d7d,2
2189,bb33f6b371bd,efcb7d92dfe1,1
2190,bb6723f86f9a,04786952027e,1
2191,bbc18deafe1b,0e8cfbcc6331,1
2192,bc1295b20a16,004cdd85f55a,1
2193,bc1295b20a16,7532fc4fba55,1
2194,bc25ecd3c749,56cc405eb71a,1
2195,bc25ecd3c749,bcbbde30efab,1
2196,bc731ab57fe7,b103b4b46639,1
2197,bc7509624797,60fce3eaa53d,1
2198,bc7509624797,d8d851022fbb,1
2199,bcbbde30efab,4bd8de3d0456,1
2200,bcbbde30efab,6be44e92f51f,3
2201,bcbbde30efab,c0adfb595b98,1
2202,bcce03f625c2,0f31c318c80a,2
2203,bcce03f625c2,a04f132c7c93,1
2204,bcce03f625c2,af7707c5ea70,1
2205,bcce03f625c2,c7bf117459b9,1
2206,bcce03f625c2,f169433b549d,1
2207,bd3a48f2c5f7,36b212ef149c,1
2208,bd3a48f2c5f7,9a2d94742295,1
2209,bd3a48f2c5f7,b2c4d369c01a,1
2210,bd3a48f2c5f7,ffdc094ea6d4,1
2211,bda5459a0e26,1fda00bb3e47,1
2212,bdc1b757e4d4,24c988b91198,1
2213,bdc1b757e4d4,72af274646e1,1
2214,bdc1b757e4d4,88d1b784dd23,3
2215,bdc1b757e4d4,a42e815c58f3,1
2216,bde25795dea6,a1566aee6d42,4
2217,be8832f2edda,b51e45a12fba,1
2218,becb10632805,3d81c44aaca8,3
2219,becb10632805,47a3740e77c4,5
2220,becb10632805,8fc27533fb0a,2
2221,becb10632805,ae92ca1ecdbf,2
2222,becb10632805,c6b0026f2209,1
2223,bed098e33b7d,6b25fee98c05,1
2224,bf5daf10409b,900ec63917ba,1
2225,bf803398fe97,6cea179577af,2
2226,bf803398fe97,91131ce71b38,3
2227,bf9e705d0081,97fdfdcd51f7,1
2228,bf9e705d0081,c0ab51aef50c,1
2229,bfdc19cd801a,6e81c28f0eaa,1
2230,c06f8d737725,f7df50fa6de3,1
2231,c0750ab24be1,e988d44433f8,1
2232,c094d2575323,04426339e55d,1
2233,c094d2575323,e6f04561c7ee,1
2234,c094d2575323,f7101c4cbe78,1
2235,c096cef28cfc,a08a6e69c486,1
2236,c0ab51aef50c,30ba32ee0941,1
2237,c0ab51aef50c,3cb694aa163e,1
2238,c0ab51aef50c,979ee4d48a6d,1
2239,c0adfb595b98,56cc405eb71a,1
2240,c0db09a41ae7,90a8102dd08e,1
2241,c181e9b5dc7b,26a872e4a997,1
2242,c181e9b5dc7b,53d24a7f2dcc,1
2243,c181e9b5dc7b,68e4188549d4,1
2244,c181e9b5dc7b,885332b7f22a,1
2245,c1c182347e49,6d8baaaff9a8,1
2246,c1c182347e49,dcef788d05b6,21
2247,c2816cd4c92c,ad9024097956,1
2248,c2ab60ea3e17,085b2a38876e,2
2249,c2ab60ea3e17,11c9978abd32,1
2250,c2ab60ea3e17,174276bb19cc,2
2251,c2ab60ea3e17,19439c8fbdeb,3
2252,c2ab60ea3e17,24c988b91198,2
2253,c2ab60ea3e17,2559fc0f2cdc,1
2254,c2ab60ea3e17,3b8321fe7f0e,7
2255,c2ab60ea3e17,5344c4110f48,2
2256,c2ab60ea3e17,549a2fac47d7,73
2257,c2ab60ea3e17,5fa6388d5e22,30
2258,c2ab60ea3e17,7182dd431b5c,13
2259,c2ab60ea3e17,88d1b784dd23,3
2260,c2ab60ea3e17,9ed614721c31,8
2261,c2ab60ea3e17,a02a7093edbc,8
2262,c2ab60ea3e17,a42e815c58f3,4
2263,c2ab60ea3e17,a6be835812fa,1
2264,c2ab60ea3e17,ad508fd81a92,4
2265,c2ab60ea3e17,b0cb6fef5be0,1
2266,c2ab60ea3e17,b28a999c0fba,1
2267,c2ab60ea3e17,b2cc86ae48fd,7
2268,c2ab60ea3e17,c28c7d9c611c,1
2269,c2ab60ea3e17,c310a8251638,2
2270,c2ab60ea3e17,e29fe6324bfa,2
2271,c2ab60ea3e17,e969edf3b34e,1
2272,c2b38d78fe58,1a3c9e9512ea,11
2273,c2b38d78fe58,26e2a5ca39aa,2
2274,c2b38d78fe58,557f5337d3e6,1
2275,c2b38d78fe58,7cffec5b2779,10
2276,c2b38d78fe58,8e9ebdb230fd,1
2277,c2b38d78fe58,9160bec81d69,2
2278,c2b38d78fe58,b2cc86ae48fd,1
2279,c2b38d78fe58,b9cc85845b21,1
2280,c310a8251638,3b8321fe7f0e,1
2281,c310a8251638,5fa6388d5e22,7
2282,c310a8251638,9ed614721c31,19
2283,c310a8251638,a02a7093edbc,3
2284,c310a8251638,ad508fd81a92,1
2285,c310a8251638,b2cc86ae48fd,1
2286,c310a8251638,c2ab60ea3e17,5
2287,c310a8251638,cbd02d97b073,1
2288,c310a8251638,fe9867174ca9,2
2289,c313a7f2769e,a20a2b7bb084,1
2290,c313a7f2769e,e53004639f1c,1
2291,c36a1f5e2a48,012d3b018a1c,2
2292,c36a1f5e2a48,7243ae377c21,1
2293,c3867352aab6,2bbf50bec57a,1
2294,c3aab9310a31,010e171b58be,1
2295,c3aab9310a31,110e600290fd,1
2296,c40b15ca508f,16f5fa5ce97e,1
2297,c431efa3667e,2521ef9e54ff,1
2298,c431efa3667e,65cb10cc4e49,1
2299,c431efa3667e,b644c82ec98a,1
2300,c431efa3667e,e31aade2d1ae,1
2301,c4360e90ba4b,f169433b549d,1
2302,c4bbd239f8a2,6f0adb33aa49,1
2303,c4bbd239f8a2,cfb2cab4860b,1
2304,c4e6702e184d,0fcfb0d3bee2,1
2305,c56f47c52908,4b61ebd2a704,1
2306,c58a755918d6,687b0d44610f,1
2307,c58a755918d6,821e1f53f1c2,1
2308,c5cb1d3a8599,0d9a5484f79e,1
2309,c5cb1d3a8599,6bcaea988250,1
2310,c615430ef56c,930485bbfab0,1
2311,c6ab41a0b97a,0632dc7a43b1,1
2312,c6ab41a0b97a,1813d3440861,1
2313,c6ab41a0b97a,34d46bd57a61,1
2314,c6ab41a0b97a,38307094d613,1
2315,c6ab41a0b97a,b68c4830cc9e,1
2316,c6b0026f2209,becb10632805,1
2317,c6b0026f2209,f8764d062171,1
2318,c6bf1113e45c,b103b4b46639,2
2319,c6bf1113e45c,ba2d97232907,1
2320,c6f5c46f9e3d,6a508b2eca69,2
2321,c6f5c46f9e3d,7dcf1501322b,2
2322,c6f5c46f9e3d,90bbc9533a02,1
2323,c7a527ba19a7,2ec1d8373835,3
2324,c7a527ba19a7,f87afe134edc,1
2325,c7bf117459b9,af7707c5ea70,1
2326,c7bf117459b9,b51e45a12fba,1
2327,c8e3e02a93a9,b2cc86ae48fd,7
2328,c8e3e02a93a9,fe9867174ca9,1
2329,c96094ff9f6c,ed6dea48048c,1
2330,c9b65aa4356d,c2ab60ea3e17,1
2331,c9d2b8481d99,0e1a5a785140,1
2332,c9d2b8481d99,142e477ce259,1
2333,c9d2b8481d99,2074b74fbf8b,1
2334,c9d2b8481d99,73e2cab971d7,1
2335,c9eb29fe21b7,020d5ea1a53e,1
2336,c9eb29fe21b7,3b8a97e5d597,6
2337,c9eb29fe21b7,518181f12789,4
2338,c9eb29fe21b7,54e8c1fe7150,1
2339,c9eb29fe21b7,64ee62621a64,2
2340,c9eb29fe21b7,6a0fd04b7779,1
2341,c9eb29fe21b7,6a3bc2a7df56,3
2342,c9eb29fe21b7,7529596f2fed,1
2343,c9eb29fe21b7,798ddaf4f9cb,4
2344,c9eb29fe21b7,d182b2e2a818,1
2345,c9eb29fe21b7,d24459bdb4bd,1
2346,c9eb29fe21b7,d6fe2ec0f10e,1
2347,c9eb29fe21b7,e8f248d7a437,1
2348,c9ec8e96c078,570e38102766,1
2349,c9ec8e96c078,76e861eddebb,1
2350,c9fcb0463eca,4d69e7b48249,1
2351,c9fcb0463eca,756e370e972c,1
2352,c9fcb0463eca,c094d2575323,1
2353,ca0ac34440ba,33167bac2de0,1
2354,ca0ac34440ba,483081937fa8,1
2355,ca0ac34440ba,665e392864c3,1
2356,ca0ac34440ba,dbaf899fbd96,1
2357,ca0ac34440ba,e0af15d9ad39,1
2358,ca0ac34440ba,fc13e8970bd1,2
2359,ca3b40e3f4a5,d7d5738a319c,1
2360,ca81f29fc3a5,6bebf9fc57b8,2
2361,ca81f29fc3a5,764dedae61d5,1
2362,ca81f29fc3a5,980d62c61247,1
2363,ca81f29fc3a5,cd9b7833bc32,3
2364,caa27da5d078,511425f1125b,1
2365,caa27da5d078,b2c4d369c01a,1
2366,caa27da5d078,dbaf899fbd96,1
2367,caa27da5d078,e4e1f3095d35,1
2368,caa27da5d078,ef5944bed216,1
2369,cac740f29742,48c91416b553,1
2370,cac740f29742,609de8094345,1
2371,caf5e102fd83,548cb017afaf,1
2372,caf5e102fd83,578d3d09792d,1
2373,cb4802988b93,6234dafad0c2,1
2374,cb5e1a9639c4,9abddc3ac015,1
2375,cb7e29706787,35cd319dc9c2,13
2376,cb7e29706787,824c0ed35f11,1
2377,cb88c9ac35ef,bc1295b20a16,1
2378,cb88c9ac35ef,ca0ac34440ba,1
2379,cb996bd82d2e,6964f30cf238,1
2380,cbd02d97b073,3b8321fe7f0e,1
2381,cbd02d97b073,91a73fd806ab,1
2382,cbd02d97b073,c2ab60ea3e17,1
2383,cbd02d97b073,fcd4fd0b9791,10
2384,cbe52a3141e6,d6090e80b249,1
2385,cbed11257718,f741ade8c7c5,1
2386,cc41d80b1697,a2f4daa4e96b,1
2387,cc4b353fbba9,2b6835698ec8,1
2388,cc4b353fbba9,3d2e0eb68bb1,1
2389,cc4b353fbba9,721cf4af683f,1
2390,cc4b353fbba9,8db8db7b9b42,2
2391,cc4b353fbba9,a0b57f287242,4
2392,cc4b353fbba9,a7376fc8b98a,1
2393,cc4b353fbba9,bae73c074541,2
2394,cc4b353fbba9,d34272bcc35b,1
2395,cc4b353fbba9,fa5b4360fb10,1
2396,cc5295912db2,6a0fd04b7779,1
2397,cc75708c0b61,8e9ebdb230fd,1
2398,cccfc2377e10,1010859799ff,1
2399,cccfc2377e10,20a0b846a834,2
2400,cccfc2377e10,20a499262136,3
2401,cccfc2377e10,373a4a16eaf9,2
2402,cccfc2377e10,3bd625f07792,1
2403,cccfc2377e10,4ede76d3a446,2
2404,cccfc2377e10,58839af42ed3,3
2405,cccfc2377e10,685d22ae4cc3,1
2406,cccfc2377e10,6bcaea988250,1
2407,cccfc2377e10,6cb190544c58,2
2408,cccfc2377e10,8cdba996be62,2
2409,cccfc2377e10,961cecb58184,1
2410,cccfc2377e10,a4231df40681,1
2411,cccfc2377e10,ae89ce58d543,19
2412,cccfc2377e10,b4746c6ec078,2
2413,cccfc2377e10,d0c9e369bee2,1
2414,cd9b7833bc32,1863b0b035e5,3
2415,cd9b7833bc32,61bb27d39843,1
2416,cd9b7833bc32,63803285b8e1,2
2417,cd9b7833bc32,d42ed19c0d9c,4
2418,cd9b7833bc32,e0af15d9ad39,1
2419,cee51a537b73,505a0744d613,1
2420,cee51a537b73,5485ec644342,3
2421,cee51a537b73,615ddb10679b,1
2422,cee51a537b73,d0d282f8e42c,1
2423,cf3ff1a00fa1,4fe7e6f1705d,1
2424,cf74ccd1faf1,418001574db2,1
2425,cf74ccd1faf1,749ba437ddb7,1
2426,cf74ccd1faf1,fc13e8970bd1,1
2427,cf830153793c,0d9a5484f79e,1
2428,cfa861ad68d5,04bf2867f7e7,1
2429,cfa861ad68d5,91b8ade6fa60,1
2430,cfe72eb6dd9c,cd7cceb6898e,1
2431,cff48f47e179,872665d2d4a0,1
2432,d005282f09ad,f963ae8dced6,1
2433,d02af9b90375,0e51b8c46864,1
2434,d02af9b90375,33a194cda7de,1
2435,d02af9b90375,c096cef28cfc,1
2436,d02d2d6e437b,5ef28cdc5b39,1
2437,d02d2d6e437b,d034d34cda8a,1
2438,d034d34cda8a,0bd093ecb687,1
2439,d034d34cda8a,15e922d2d8a0,1
2440,d034d34cda8a,21e1753848a3,1
2441,d034d34cda8a,d02d2d6e437b,1
2442,d04adebdef02,9f9093973314,2
2443,d04adebdef02,a1af79fbc6f1,2
2444,d04adebdef02,abcf0898f37c,1
2445,d0c9e369bee2,00e2c609b433,7
2446,d0c9e369bee2,033f42d8a29e,1
2447,d0c9e369bee2,213f6505c6c2,5
2448,d0c9e369bee2,593b0c98270c,1
2449,d0c9e369bee2,e7f10ccd4852,1
2450,d0c9e369bee2,ecc4ba55675b,2
2451,d0d282f8e42c,505a0744d613,1
2452,d0d282f8e42c,5485ec644342,7
2453,d0d282f8e42c,615ddb10679b,2
2454,d0d282f8e42c,ec76c1111dcd,1
2455,d0d282f8e42c,ed8b33038fc5,1
2456,d0dc1122c6b8,f0ae22e6156e,1
2457,d1069877e710,b10fd0da0efc,4
2458,d11dffa1979b,2bbf50bec57a,1
2459,d11dffa1979b,9a2d94742295,1
2460,d15eff82084c,00e2c609b433,1
2461,d15eff82084c,033f42d8a29e,1
2462,d15eff82084c,35444bace328,1
2463,d1821593bed0,f3f3635203fd,1
2464,d182b2e2a818,6a3bc2a7df56,1
2465,d182b2e2a818,c9eb29fe21b7,1
2466,d182b2e2a818,d511b5d46902,1
2467,d1a66c200351,9d9c69944190,1
2468,d20da8dc1ed5,71d800767c7f,1
2469,d20def23786c,570c3cd70292,1
2470,d20def23786c,b38c5c5e7430,1
2471,d21a8ac4ba64,41cf091084d6,1
2472,d21a8ac4ba64,756e370e972c,1
2473,d24459bdb4bd,156a414d5f4f,1
2474,d24459bdb4bd,798ddaf4f9cb,1
2475,d2fea184642c,c58a755918d6,1
2476,d3377ab985fd,483aab8b1f38,1
2477,d34272bcc35b,2be68bedd48c,1
2478,d34272bcc35b,496340ac7821,1
2479,d34272bcc35b,721cf4af683f,2
2480,d34272bcc35b,a0b57f287242,1
2481,d34272bcc35b,b50f932fa4b2,1
2482,d34272bcc35b,bae73c074541,1
2483,d34272bcc35b,cc4b353fbba9,1
2484,d34272bcc35b,f6f855d3bfc3,1
2485,d37dcec4a235,a6c640023cd6,2
2486,d42ed19c0d9c,260d66f31596,2
2487,d42ed19c0d9c,432fc7b6119c,1
2488,d42ed19c0d9c,9a72540b319a,1
2489,d436c977477b,a7c24c0bcfee,1
2490,d492b3655ccb,70f0e8487736,1
2491,d511b5d46902,012d3b018a1c,1
2492,d511b5d46902,a64332fe1df1,2
2493,d511b5d46902,d21a8ac4ba64,1
2494,d5317bcfe9d0,71eb1f3265bc,1
2495,d55bec63f284,7d10e92d7749,4
2496,d55bec63f284,8617f3728f3c,1
2497,d55bec63f284,e31aade2d1ae,2
2498,d58c3f0ac296,6bcaea988250,4
2499,d58c3f0ac296,93bf8869354b,1
2500,d5fdcbf8546d,c2ab60ea3e17,1
2501,d6090e80b249,d206553aab2d,1
2502,d66518132f75,609de8094345,3
2503,d66518132f75,6ef173bb0d5d,1
2504,d66518132f75,7b2e5942e205,1
2505,d66518132f75,7d802a5c57e7,2
2506,d66518132f75,87557ad1d2f9,1
2507,d66518132f75,a9a0b0986b33,1
2508,d66518132f75,cf74ccd1faf1,1
2509,d6d8fb976838,89c5b40d9fba,1
2510,d6d8fb976838,9cb6b1104c25,1
2511,d6d8fb976838,e0688b1a2f32,1
2512,d6fe2ec0f10e,1f1708e153fd,1
2513,d6fe2ec0f10e,75717d178c38,1
2514,d6fe2ec0f10e,f01bdab01dbc,1
2515,d708536983e2,ca0ac34440ba,1
2516,d74c216d2abf,fcd4fd0b9791,1
2517,d7ae93da3f90,8ba5ef4e282b,1
2518,d7ae93da3f90,e0af15d9ad39,1
2519,d7d5738a319c,3e6ea6702421,1
2520,d7d5738a319c,d511b5d46902,1
2521,d8ec3903c81c,bb33f6b371bd,1
2522,d943da81dc4e,821e1f53f1c2,1
2523,da162cc722f9,f169433b549d,1
2524,da6f09abbb21,20a0b846a834,1
2525,da6f09abbb21,373a4a16eaf9,1
2526,da6f09abbb21,9a4a675dbeb6,1
2527,da6f09abbb21,ae89ce58d543,2
2528,db1a7ebf3727,505a0744d613,1
2529,db1a7ebf3727,5485ec644342,2
2530,db1a7ebf3727,615ddb10679b,3
2531,db1a7ebf3727,b659b0bc6172,2
2532,db1a7ebf3727,d0d282f8e42c,1
2533,db91b5893a03,1010859799ff,1
2534,dba8d675d13a,1a3c9e9512ea,4
2535,dba8d675d13a,c2b38d78fe58,2
2536,dba8d675d13a,fecb203bd177,1
2537,dbaf899fbd96,682b73e4ac26,1
2538,dbaf899fbd96,78168d2921f8,2
2539,dbaf899fbd96,e609d533127c,1
2540,dc19bf694568,444533a70844,1
2541,dc3d58317a37,cf830153793c,1
2542,dc964f3dc7ea,34fb1c72bc97,1
2543,dcef788d05b6,0c0a866d236e,1
2544,dcef788d05b6,9488401a6b5c,1
2545,dcef788d05b6,c1c182347e49,13
2546,dd0b50aff9b5,1d947124999a,1
2547,dd0b50aff9b5,2ec1d8373835,2
2548,dd0b50aff9b5,c7a527ba19a7,2
2549,dd0b50aff9b5,ef34effae91f,2
2550,dd892d61e68e,cf830153793c,1
2551,dd94c511abc3,02ef16a6c394,1
2552,dd94c511abc3,cccfc2377e10,1
2553,dd9aeb023009,ae5da5716b41,1
2554,dd9aeb023009,b5871f9c7958,1
2555,ddc10a5906f8,903dfd28f687,1
2556,ddc10a5906f8,a207c35d8417,1
2557,ddeaefb9ebdd,9815d856f72a,1
2558,dec8f3b3bfeb,688d8763a23f,1
2559,dec8f3b3bfeb,6bd19d82fc2f,1
2560,e02d97fbe3b7,3d2e0eb68bb1,1
2561,e02d97fbe3b7,665e392864c3,1
2562,e02d97fbe3b7,97782f82720e,1
2563,e02d97fbe3b7,9fe0c667ff88,4
2564,e02d97fbe3b7,a4b1f95ddfa1,1
2565,e02d97fbe3b7,e0af15d9ad39,1
2566,e02d97fbe3b7,f6f855d3bfc3,1
2567,e05e1450ded4,38f03c2fffbe,1
2568,e0688b1a2f32,4023f322ac7a,1
2569,e0688b1a2f32,9cb6b1104c25,1
2570,e0688b1a2f32,a38280500952,1
2571,e0688b1a2f32,ad9024097956,1
2572,e0688b1a2f32,b21592da48b2,1
2573,e0688b1a2f32,c7ce483fd1cc,1
2574,e08bb1ca1d86,9c3a67317761,1
2575,e0ad8c3cc19b,6a0fd04b7779,1
2576,e0ad8c3cc19b,6f0adb33aa49,1
2577,e0ad8c3cc19b,798ddaf4f9cb,1
2578,e0ad8c3cc19b,8f998ce5e5d1,1
2579,e0ad8c3cc19b,c4bbd239f8a2,1
2580,e0ad8c3cc19b,e719f90cfd4e,1
2581,e0ad8c3cc19b,e9a73389bd39,1
2582,e0ad8c3cc19b,f53d104a0391,1
2583,e0ad8c3cc19b,f87afe134edc,1
2584,e0af15d9ad39,0e8cfbcc6331,2
2585,e0af15d9ad39,2754f6e1f004,2
2586,e0af15d9ad39,5a96962eec8e,1
2587,e0af15d9ad39,979ee4d48a6d,1
2588,e0af15d9ad39,c36a1f5e2a48,2
2589,e0af15d9ad39,fb44b1f22339,1
2590,e0af15d9ad39,fc6657f0747d,2
2591,e16226fb7dde,2c33b7dd8542,1
2592,e16226fb7dde,36b212ef149c,1
2593,e16226fb7dde,4332cd76590d,1
2594,e16226fb7dde,48c91416b553,1
2595,e16226fb7dde,eddc2201ab3e,1
2596,e25ecda54a75,33d936f40a65,1
2597,e25ecda54a75,3eedbbb6b0d7,2
2598,e25ecda54a75,418001574db2,2
2599,e25ecda54a75,af7707c5ea70,1
2600,e25ecda54a75,e3e18f8d188c,1
2601,e29fe6324bfa,3b8321fe7f0e,1
2602,e29fe6324bfa,7182dd431b5c,1
2603,e29fe6324bfa,c2ab60ea3e17,3
2604,e31aade2d1ae,57d117317719,1
2605,e31aade2d1ae,6c99cbaa2778,1
2606,e31aade2d1ae,7e5a1e6babd8,1
2607,e31aade2d1ae,8617f3728f3c,1
2608,e3a1cb6c45cd,3cb694aa163e,1
2609,e3e18f8d188c,0e1a5a785140,1
2610,e3e18f8d188c,90bbc9533a02,1
2611,e3e18f8d188c,a41b6fde8b21,1
2612,e3e18f8d188c,a64332fe1df1,1
2613,e4e1f3095d35,6114169e6436,1
2614,e4e1f3095d35,685d22ae4cc3,1
2615,e4e1f3095d35,c094d2575323,1
2616,e4e1f3095d35,e6f04561c7ee,1
2617,e4ed4d14170e,af956f342c1c,1
2618,e4ed4d14170e,ca3b40e3f4a5,1
2619,e4ed4d14170e,d3377ab985fd,1
2620,e67c2b4f0c8f,10bb64fa1d28,3
2621,e67c2b4f0c8f,7fb8baac6d4d,3
2622,e6f04561c7ee,42bfe80fd854,1
2623,e6f04561c7ee,6114169e6436,1
2624,e6f04561c7ee,733f3fda0606,1
2625,e6f04561c7ee,76e82dec6df1,1
2626,e6f04561c7ee,7c594c644910,1
2627,e6f04561c7ee,a4231df40681,1
2628,e719f90cfd4e,1ccb8d961c15,2
2629,e719f90cfd4e,2c33b7dd8542,1
2630,e719f90cfd4e,3eedbbb6b0d7,1
2631,e719f90cfd4e,609de8094345,1
2632,e719f90cfd4e,6eac02c2ab0d,1
2633,e730440aa17a,83c9d6833ffb,1
2634,e74d3069d3a0,ef34effae91f,1
2635,e7c46013c81f,7d802a5c57e7,3
2636,e7f10ccd4852,00e2c609b433,1
2637,e7f10ccd4852,033f42d8a29e,1
2638,e7f10ccd4852,213f6505c6c2,1
2639,e7f10ccd4852,35444bace328,1
2640,e7f10ccd4852,d0c9e369bee2,1
2641,e801fdfd3b13,b22af9413749,1
2642,e801fdfd3b13,f5fcd155b5f5,1
2643,e83de2a50225,0fcfb0d3bee2,1
2644,e83de2a50225,a20a2b7bb084,1
2645,e83faad6630f,eef557c8d2be,1
2646,e8e65b695662,b21592da48b2,1
2647,e8f248d7a437,26a872e4a997,1
2648,e8f248d7a437,798ddaf4f9cb,3
2649,e8f248d7a437,c181e9b5dc7b,1
2650,e922a9e73b66,02ef16a6c394,1
2651,e922a9e73b66,9658b3af7f69,1
2652,e922a9e73b66,dd94c511abc3,1
2653,e964bfee919e,c6bf1113e45c,1
2654,e969edf3b34e,0b7c17df5c93,2
2655,e969edf3b34e,1a3c9e9512ea,1
2656,e969edf3b34e,2a13a24897aa,1
2657,e969edf3b34e,445553f40763,1
2658,e969edf3b34e,5fa6388d5e22,1
2659,e969edf3b34e,66d8d848ebc3,1
2660,e969edf3b34e,af773452206f,1
2661,e969edf3b34e,b659b0bc6172,1
2662,e969edf3b34e,c2b38d78fe58,1
2663,e969edf3b34e,fecb203bd177,1
2664,e988d44433f8,1c40b7658984,3
2665,e988d44433f8,4e55276e2b00,1
2666,e988d44433f8,7ac9f0e12937,1
2667,e988d44433f8,83e7eb77f0f1,1
2668,e988d44433f8,bae9aa4081f8,1
2669,e988d44433f8,bcce03f625c2,1
2670,e988d44433f8,c2816cd4c92c,1
2671,e988d44433f8,f169433b549d,1
2672,e988d44433f8,fa0cb0b93e1b,2
2673,e9a73389bd39,6a0fd04b7779,1
2674,e9a73389bd39,c4bbd239f8a2,1
2675,e9ca87a20ed2,911b1566cca8,2
2676,e9d09d26ed26,f169433b549d,1
2677,ea8d207c4ab9,acfee9c442be,1
2678,ec28638a4180,54e8c1fe7150,1
2679,ec289e50fea2,728f1a293713,1
2680,ec76c1111dcd,2a13a24897aa,1
2681,ec76c1111dcd,505a0744d613,5
2682,ec76c1111dcd,615ddb10679b,2
2683,ec76c1111dcd,88c9cc95244b,1
2684,ec76c1111dcd,8a1d282fbc62,1
2685,ec76c1111dcd,b659b0bc6172,1
2686,ecc4ba55675b,00c08d89fea3,1
2687,ecc4ba55675b,00e2c609b433,1
2688,ecc4ba55675b,817944c9c685,1
2689,ecc4ba55675b,e7f10ccd4852,1
2690,ed0e0dc14d8d,d11dffa1979b,1
2691,ed6dea48048c,5fc81d2cb649,1
2692,ed8b33038fc5,2a13a24897aa,1
2693,ed8b33038fc5,445553f40763,1
2694,ed8b33038fc5,af773452206f,2
2695,eddc2201ab3e,f130ad7e4ab8,1
2696,ee79cb988b51,26eec94c80ed,1
2697,eef557c8d2be,bb6723f86f9a,1
2698,ef34effae91f,2ec1d8373835,1
2699,ef34effae91f,a879f98b2a6f,2
2700,ef34effae91f,dd0b50aff9b5,2
2701,ef5944bed216,979ee4d48a6d,2
2702,ef5944bed216,989b89c4d2d7,2
2703,efa23694266f,693d41b8407e,14
2704,efcb7d92dfe1,30ec1ae05d7d,1
2705,efcb7d92dfe1,c6f5c46f9e3d,1
2706,f01bdab01dbc,33a194cda7de,1
2707,f01bdab01dbc,3b8a97e5d597,1
2708,f01bdab01dbc,c9eb29fe21b7,1
2709,f130ad7e4ab8,7d55d6c62061,1
2710,f130ad7e4ab8,ea8d207c4ab9,1
2711,f138448f1a22,6a3bc2a7df56,1
2712,f138448f1a22,798ddaf4f9cb,1
2713,f14c5bb83d35,3cb5588f8763,1
2714,f1685903c1db,6bcaea988250,1
2715,f169433b549d,0e8612e70523,1
2716,f169433b549d,10973be83a0f,1
2717,f169433b549d,3d2e0eb68bb1,1
2718,f169433b549d,45bf2a09d4d9,1
2719,f169433b549d,49fdfc988e29,1
2720,f169433b549d,64c50151e532,1
2721,f169433b549d,64cd896af0df,1
2722,f169433b549d,872665d2d4a0,1
2723,f169433b549d,8ba5ef4e282b,1
2724,f169433b549d,b2c4d369c01a,1
2725,f169433b549d,cd9b7833bc32,2
2726,f169433b549d,e0af15d9ad39,1
2727,f169433b549d,e16226fb7dde,1
2728,f169433b549d,e988d44433f8,1
2729,f223bccd09b2,73410b280868,1
2730,f223bccd09b2,b8fb3b4ab624,1
2731,f2c9a98106fe,86c69827423d,1
2732,f3815c11a6aa,669d78cacaec,1
2733,f3815c11a6aa,fecb203bd177,1
2734,f3f3635203fd,88198827bccc,1
2735,f3f3635203fd,c313a7f2769e,1
2736,f45e340da741,06f6cc456bb1,1
2737,f45e340da741,28096b238faf,1
2738,f4b32629772f,0ae1f16981b6,1
2739,f4b32629772f,1a3c9e9512ea,1
2740,f4b32629772f,6c10b76d1675,1
2741,f4b32629772f,aee4848a8580,3
2742,f4b32629772f,c6bf1113e45c,1
2743,f53d104a0391,7d28809654c9,1
2744,f53d104a0391,e0ad8c3cc19b,2
2745,f6431a86c346,75409fb4fcc0,1
2746,f6431a86c346,abf564c67c1a,3
2747,f6de9bb74c77,675bfbd015a4,1
2748,f6f855d3bfc3,0d9a5484f79e,1
2749,f6f855d3bfc3,31b9d190e94d,2
2750,f6f855d3bfc3,432fc7b6119c,1
2751,f6f855d3bfc3,61bb27d39843,1
2752,f6f855d3bfc3,8cdba996be62,1
2753,f6f855d3bfc3,bd3a48f2c5f7,1
2754,f6f855d3bfc3,caa27da5d078,1
2755,f6f855d3bfc3,cc4b353fbba9,1
2756,f7101c4cbe78,0f2cce1aa7f0,1
2757,f73f5f09fd62,51e681141116,2
2758,f741ade8c7c5,294cd5558aed,1
2759,f7df50fa6de3,e988d44433f8,1
2760,f869fefc282b,44c875a35e8c,1
2761,f869fefc282b,665e392864c3,1
2762,f8764d062171,8fc27533fb0a,1
2763,f8764d062171,ae92ca1ecdbf,1
2764,f87afe134edc,34d46bd57a61,1
2765,f87afe134edc,4a340903a906,1
2766,f87afe134edc,72a025714561,24
2767,f87afe134edc,74ae3cb7f692,3
2768,f87afe134edc,7ac9f0e12937,1
2769,f87afe134edc,8240d223ef8e,1
2770,f87afe134edc,85724d7fe46b,1
2771,f87afe134edc,9ed477a57b1c,2
2772,f87afe134edc,c7a527ba19a7,1
2773,f957fc56adc1,04426339e55d,1
2774,f957fc56adc1,749ba437ddb7,1
2775,f957fc56adc1,9cb6b1104c25,1
2776,f957fc56adc1,e719f90cfd4e,1
2777,f963ae8dced6,7262135db7aa,1
2778,f963ae8dced6,cc41d80b1697,1
2779,f963ae8dced6,d37dcec4a235,1
2780,f9a6a10ad37f,83a070f898a5,1
2781,f9c2e3ce38c7,5d89aee78222,1
2782,fa0cb0b93e1b,0f2cce1aa7f0,1
2783,fa0cb0b93e1b,130fb9040d57,1
2784,fa0cb0b93e1b,4e55276e2b00,1
2785,fa0cb0b93e1b,51e681141116,1
2786,fa0cb0b93e1b,592d6a5d1bf8,1
2787,fa0cb0b93e1b,73ad46f67b09,1
2788,fa0cb0b93e1b,7ac9f0e12937,1
2789,fa13c4a8367b,444533a70844,1
2790,fa13c4a8367b,aa31d99aef73,1
2791,fa5b4360fb10,476d2c8a91fa,1
2792,fa5e7e54261e,6f1f5bf42259,2
2793,fa5e7e54261e,c6ab41a0b97a,1
2794,fa5e7e54261e,c9fcb0463eca,1
2795,fb44b1f22339,017ae987199a,1
2796,fb44b1f22339,e0af15d9ad39,1
2797,fb932b80ee3c,48c91416b553,1
2798,fb9e8e57e0a1,2a00d0014618,1
2799,fbc2df761a47,2b0b4e219041,1
2800,fc13e8970bd1,65b1818716eb,1
2801,fc13e8970bd1,6b25fee98c05,1
2802,fc13e8970bd1,78168d2921f8,1
2803,fc13e8970bd1,8ba5ef4e282b,1
2804,fc13e8970bd1,bd3a48f2c5f7,1
2805,fc13e8970bd1,ca0ac34440ba,1
2806,fc13e8970bd1,d7ae93da3f90,1
2807,fc6657f0747d,0e8cfbcc6331,1
2808,fc6657f0747d,36b212ef149c,2
2809,fc6657f0747d,d66518132f75,4
2810,fcd4fd0b9791,0345fe1ba399,1
2811,fcd4fd0b9791,cbd02d97b073,10
2812,fcd4fd0b9791,d74c216d2abf,1
2813,fcf15d230a8e,3b8321fe7f0e,4
2814,fcf15d230a8e,669d78cacaec,1
2815,fcf15d230a8e,ad508fd81a92,1
2816,fcf15d230a8e,f3815c11a6aa,1
2817,fd04adb49c21,4bd8de3d0456,12
2818,fd04adb49c21,83c9d6833ffb,1
2819,fd04adb49c21,c93376f2d67d,1
2820,fd04adb49c21,fa13c4a8367b,1
2821,fdb5d0d7ade5,0970cc3beac8,1
2822,fdb5d0d7ade5,280e7a637bb8,1
2823,fdb5d0d7ade5,4935c8501194,2
2824,fdb5d0d7ade5,5309619d5958,2
2825,fdb5d0d7ade5,c9fcb0463eca,1
2826,fdb5d0d7ade5,f87afe134edc,1
2827,fdd5ec817699,11fc9a680f21,1
2828,fdd5ec817699,505a0744d613,1
2829,fdd5ec817699,5485ec644342,1
2830,fe06da6e1e03,01ee1fa3f6f6,1
2831,fe06da6e1e03,224365f62f68,1
2832,fe06da6e1e03,25e52144d4b6,1
2833,fe06da6e1e03,b68c4830cc9e,1
2834,fe5da2534071,95ce2ca4f8bc,1
2835,fe9701b3fdd6,0192f0f7cc19,1
2836,fe9701b3fdd6,687b0d44610f,1
2837,fe9867174ca9,1a3c9e9512ea,1
2838,fe9867174ca9,26e2a5ca39aa,1
2839,fe9867174ca9,338757053ba5,1
2840,fe9867174ca9,91a73fd806ab,1
2841,fe9867174ca9,9ed614721c31,3
2842,fe9867174ca9,a02a7093edbc,4
2843,fe9867174ca9,b2cc86ae48fd,1
2844,fe9867174ca9,c310a8251638,1
2845,fecb203bd177,26e2a5ca39aa,1
2846,fecb203bd177,445553f40763,1
2847,fecb203bd177,505a0744d613,1
2848,fecb203bd177,52b403a5afce,1
2849,fecb203bd177,5485ec644342,2
2850,fecb203bd177,557f5337d3e6,1
2851,fecb203bd177,669d78cacaec,2
2852,fecb203bd177,8a1d282fbc62,2
2853,fecb203bd177,9160bec81d69,1
2854,fecb203bd177,a1566aee6d42,1
2855,fecb203bd177,a4286709e555,14
2856,fecb203bd177,a42e815c58f3,1
2857,fecb203bd177,b37bb790714e,3
2858,fecb203bd177,b659b0bc6172,8
2859,ff2ff06d882c,0d6f9709edae,1
2860,ff2ff06d882c,ae89ce58d543,1
2861,ff54ce7f9bf6,61c554af9e42,1
2862,ff54ce7f9bf6,b92ee2af0e07,1
2863,ffdc094ea6d4,496340ac7821,1
2864,ffdc094ea6d4,6b25fee98c05,3
2865,ffdc094ea6d4,8db8db7b9b42,5
2866,ffdc094ea6d4,930485bbfab0,1
2867,ffdc094ea6d4,a0b57f287242,1
2868,ffdc094ea6d4,ca81f29fc3a5,1
2869,ffdc094ea6d4,e02d97fbe3b7,1
2870,ffdc094ea6d4,f169433b549d,1
